group	PEBAC001	PEBAC002	PEBAC003	PEBAC004	PEBAC005	PEBAC006	PEBAC007	PEBAC008	PEBAC009	PEBAC010	PEBAC011	PEBAC012	PEBAC013	PEBAC014	PEBAC015	PEBAC016	PEBAC017	PEBAC018	PEBAC019	PEBAC020	PEBAC021	PEBAC022	PEBAC023	PEBAC024	PEBAC025	PEBAC026	PEBAC027	PEBAC028	PEBAC029	PEBAC030	PEBAC031	PEBAC032	PEBAC033	PEBAC034	PEBAC035	PEBAC036	PEBAC037	PEBAC038	PEBAC039	PEBAC040	PEBAC041	PEBAC042	PEBAC043	PEBAC044	PEBAC045	PEBAC046	PEBAC047	PEBAC048	PEBAC049	PEBAC051	PEBAC052	PEBAC053	PEBAC054	PEBAC055	PEBAC056	PEBAC057	PEBAC058	PEBAC059	PEBAC060	PEBAC061	PEBAC062	PEBAC063	PEBAC064	PEBAC065	PEBAC066	PEBAC067	PEBAC068	PEBAC069	PEBAC070	PEBAC071	PEBAC072	PEBAC073	PEBAC074	PEBAC075	PEBAC076	PEBAC077	PEBAC078	PEBAC079	PEBAC080	PEBAC081	PEBAC082	PEBAC083	PEBAC084	PEBAC085	PEBAC086	PEBAC087	PEBAC088	PEBAC089	PEBAC090	PEBAC091	PEBAC092	PEBAC093	PEBAC094	PEBAC095	PEBAC096	PEBAC097	PEBAC098	PEBAC099	PEBAC100	PEBAC101	PEBAC102	PEBAC103	PEBAC104	PEBAC105	PEBAC106	PEBAC107	PEBAC108	PEBAC109	PEBAC110	PEBAC111	PEBAC112	PEBAC113	PEBAC114	PEBAC115	PEBAC116	PEBAC117	PEBAC118	PEBAC119	PEBAC120	PEBAC121	PEBAC122	PEBAC123	PEBAC124	PEBAC125	PEBAC126	PEBAC127	PEBAC128	PEBAC129	PEBAC130	PEBAC131	PEBAC132	PEBAC133	PEBAC134	PEBAC135	PEBAC136	PEBAC137	PEBAC138	PEBAC139	PEBAC140	PEBAC141	PEBAC142	PEBAC143	PEBAC144	PEBAC145	PEBAC146	PEBAC147	PEBAC148	PEBAC149	PEBAC150	PEBAC151	PEBAC152	PEBAC153	PEBAC154	PEBAC155	PEBAC156	PEBAC157	PEBAC158	PEBAC159	PEBAC160	PEBAC161	PEBAC162	PEBAC163	PEBAC164	PEBAC165	PEBAC166	PEBAC167	PEBAC168	PEBAC169	PEBAC170	PEBAC171	PEBAC172	PEBAC173	PEBAC174	PEBAC175	PEBAC176	PEBAC177	PEBAC178	PEBAC179	PEBAC180	PEBAC181	PEBAC182	PEBAC183	PEBAC184	PEBAC185	PEBAC186	PEBAC187	PEBAC188	PEBAC189	PEBAC190	PEBAC191	PEBAC192	PEBAC193	PEBAC194	PEBAC195	PEBAC196	PEBAC197	PEBAC198	PEBAC199	PEBAC200	PEBAC201	PEBAC203	PEBAC204	PEBAC205	PEBAC206	PEBAC207	PEBAC208	PEBAC209	PEBAC210	PEBAC211	PEBAC212	PEBAC213	PEBAC214	PEBAC215	PEBAC216	PEBAC217	PEBAC218	PEBAC219	PEBAC220
methanotrophy	0	0	0	0	0	0	0	0	0	0	0	0	0	0	0	0	0	0	0	0	0	0	0	0	0	0	0	0	0	0	0	0	0	0	0	0	0	0	0	0	0	0	0	0	0	0	0	0	0	0	0	0	0	0	0	0	0	0	0	0	0	0	0	0	0	0	0	0	0	0	0	0	0	0	0	0	0	0	0	0	0	0	0	0	0	0	0	0	0	0	0	0	0	0	0	0	0	0	0	0	0	0	0	0	0	0	0	0	0	0	0	0	0	0	0	0	0	0	0	0	0	0	0	0	0	0	0	0	0	0	0	0	0	0	0	0	0	0	0	0	0	0	0	0	0	0	0	0	0	0	0	0	0	0	0	0	0	0	0	0	0	0	0	0	0	0	0	0	0	0	0	0	0	0	0	0	0	0	0	0	0	0	0	0	0	0	0	0	0	0	0	0	0	0	0	0	0	0	0	0	0	0	0	0	0	0	0	0	0	0	0	0	0	0	0	0	0	0
acetoclastic_methanogenesis	0	0	0	0	0	0	0	0	0	0	0	0	0	0	0	0	0	0	0	0	0	0	0	0	0	0	0	0	0	0	0	0	0	0	0	0	0	0	0	0	0	0	0	0	0	0	0	0	0	0	0	0	0	0	0	0	0	0	0	0	0	0	0	0	0	0	0	0	0	0	0	0	0	0	0	0	0	0	0	0	0	0	0	0	0	0	0	0	0	0	0	0	0	0	0	0	0	0	0	0	0	0	0	0	0	0	0	0	0	0	0	0	0	0	0	0	0	0	0	0	0	0	0	0	0	0	0	0	0	0	0	0	0	0	0	0	0	0	0	0	0	0	0	0	0	0	0	0	0	0	0	0	0	0	0	0	0	0	0	0	0	0	0	0	0	0	0	0	0	0	0	0	0	0	0	0	0	0	0	0	0	0	0	0	0	0	0	0	0	0	0	0	0	0	0	0	0	0	0	0	0	0	0	0	0	0	0	0	0	0	0	0	0	0	0	0	0	0
methanogenesis_by_disproportionation_of_methyl_groups	0	0	0	0	0	0	0	0	0	0	0	0	0	0	0	0	0	0	0	0	0	0	0	0	0	0	0	0	0	0	0	0	0	0	0	0	0	0	0	0	0	0	0	0	0	0	0	0	0	0	0	0	0	0	0	0	0	0	0	0	0	0	0	0	0	0	0	0	0	0	0	0	0	0	0	0	0	0	0	0	0	0	0	0	0	0	0	0	0	0	0	0	0	0	0	0	0	0	0	0	0	0	0	0	0	0	0	0	0	0	0	0	0	0	0	0	0	0	0	0	0	0	0	0	0	0	0	0	0	0	0	0	0	0	0	0	0	0	0	0	0	0	0	0	0	0	0	0	0	0	0	0	0	0	0	0	0	0	0	0	0	0	0	0	0	0	0	0	0	0	0	0	0	0	0	0	0	0	0	0	0	0	0	0	0	0	0	0	0	0	0	0	0	0	0	0	0	0	0	0	0	0	0	0	0	0	0	0	0	0	0	0	0	0	0	0	0	0
methanogenesis_using_formate	0	0	0	0	0	0	0	0	0	0	0	0	0	0	0	0	0	0	0	0	0	0	0	0	0	0	0	0	0	0	0	0	0	0	0	0	0	0	0	0	0	0	0	0	0	0	0	0	0	0	0	0	0	0	0	0	0	0	0	0	0	0	0	0	0	0	0	0	0	0	0	0	0	0	0	0	0	0	0	0	0	0	0	0	0	0	0	0	0	0	0	0	0	0	0	0	0	0	0	0	0	0	0	0	0	0	0	0	0	0	0	0	0	0	0	0	0	0	0	0	0	0	0	0	0	0	0	0	0	0	0	0	0	0	0	0	0	0	0	0	0	0	0	0	0	0	0	0	0	0	0	0	0	0	0	0	0	0	0	0	0	0	0	0	0	0	0	0	0	0	0	0	0	0	0	0	0	0	0	0	0	0	0	0	0	0	0	0	0	0	0	0	0	0	0	0	0	0	0	0	0	0	0	0	0	0	0	0	0	0	0	0	0	0	0	0	0	0
methanogenesis_by_CO2_reduction_with_H2	0	0	0	0	0	0	0	0	0	0	0	0	0	0	0	0	0	0	0	0	0	0	0	0	0	0	0	0	0	0	0	0	0	0	0	0	0	0	0	0	0	0	0	0	0	0	0	0	0	0	0	0	0	0	0	0	0	0	0	0	0	0	0	0	0	0	0	0	0	0	0	0	0	0	0	0	0	0	0	0	0	0	0	0	0	0	0	0	0	0	0	0	0	0	0	0	0	0	0	0	0	0	0	0	0	0	0	0	0	0	0	0	0	0	0	0	0	0	0	0	0	0	0	0	0	0	0	0	0	0	0	0	0	0	0	0	0	0	0	0	0	0	0	0	0	0	0	0	0	0	0	0	0	0	0	0	0	0	0	0	0	0	0	0	0	0	0	0	0	0	0	0	0	0	0	0	0	0	0	0	0	0	0	0	0	0	0	0	0	0	0	0	0	0	0	0	0	0	0	0	0	0	0	0	0	0	0	0	0	0	0	0	0	0	0	0	0	0
methanogenesis_by_reduction_of_methyl_compounds_with_H2	0	0	0	0	0	0	0	0	0	0	0	0	0	0	0	0	0	0	0	0	0	0	0	0	0	0	0	0	0	0	0	0	0	0	0	0	0	0	0	0	0	0	0	0	0	0	0	0	0	0	0	0	0	0	0	0	0	0	0	0	0	0	0	0	0	0	0	0	0	0	0	0	0	0	0	0	0	0	0	0	0	0	0	0	0	0	0	0	0	0	0	0	0	0	0	0	0	0	0	0	0	0	0	0	0	0	0	0	0	0	0	0	0	0	0	0	0	0	0	0	0	0	0	0	0	0	0	0	0	0	0	0	0	0	0	0	0	0	0	0	0	0	0	0	0	0	0	0	0	0	0	0	0	0	0	0	0	0	0	0	0	0	0	0	0	0	0	0	0	0	0	0	0	0	0	0	0	0	0	0	0	0	0	0	0	0	0	0	0	0	0	0	0	0	0	0	0	0	0	0	0	0	0	0	0	0	0	0	0	0	0	0	0	0	0	0	0	0
hydrogenotrophic_methanogenesis	0	0	0	0	0	0	0	0	0	0	0	0	0	0	0	0	0	0	0	0	0	0	0	0	0	0	0	0	0	0	0	0	0	0	0	0	0	0	0	0	0	0	0	0	0	0	0	0	0	0	0	0	0	0	0	0	0	0	0	0	0	0	0	0	0	0	0	0	0	0	0	0	0	0	0	0	0	0	0	0	0	0	0	0	0	0	0	0	0	0	0	0	0	0	0	0	0	0	0	0	0	0	0	0	0	0	0	0	0	0	0	0	0	0	0	0	0	0	0	0	0	0	0	0	0	0	0	0	0	0	0	0	0	0	0	0	0	0	0	0	0	0	0	0	0	0	0	0	0	0	0	0	0	0	0	0	0	0	0	0	0	0	0	0	0	0	0	0	0	0	0	0	0	0	0	0	0	0	0	0	0	0	0	0	0	0	0	0	0	0	0	0	0	0	0	0	0	0	0	0	0	0	0	0	0	0	0	0	0	0	0	0	0	0	0	0	0	0
methanogenesis	0	0	0	0	0	0	0	0	0	0	0	0	0	0	0	0	0	0	0	0	0	0	0	0	0	0	0	0	0	0	0	0	0	0	0	0	0	0	0	0	0	0	0	0	0	0	0	0	0	0	0	0	0	0	0	0	0	0	0	0	0	0	0	0	0	0	0	0	0	0	0	0	0	0	0	0	0	0	0	0	0	0	0	0	0	0	0	0	0	0	0	0	0	0	0	0	0	0	0	0	0	0	0	0	0	0	0	0	0	0	0	0	0	0	0	0	0	0	0	0	0	0	0	0	0	0	0	0	0	0	0	0	0	0	0	0	0	0	0	0	0	0	0	0	0	0	0	0	0	0	0	0	0	0	0	0	0	0	0	0	0	0	0	0	0	0	0	0	0	0	0	0	0	0	0	0	0	0	0	0	0	0	0	0	0	0	0	0	0	0	0	0	0	0	0	0	0	0	0	0	0	0	0	0	0	0	0	0	0	0	0	0	0	0	0	0	0	0
methanol_oxidation	12	0	0	0	0	0	0	0	0	35	0	0	0	0	0	0	0	0	0	0	0	0	0	8	5	0	0	0	0	18	0	0	0	0	15	0	5	0	0	0	0	0	18	0	8	9	7	0	35	0	13	6	0	13	0	0	0	0	7	19	30	0	21	0	0	12	0	0	34	31	0	4	0	5	0	17	0	12	13	0	0	0	0	15	9	34	92	0	0	5	0	43	0	50	0	15	0	33	0	15	24	23	0	37	10	45	22	23	21	1	0	15	5	19	2	4	12	26	22	0	0	0	0	0	0	0	0	0	0	0	0	0	0	0	0	11	0	0	0	0	0	14	75	0	0	0	0	19	4	8	0	3	0	0	0	0	0	0	0	0	0	0	0	0	0	0	0	0	0	0	0	6	0	5	27	0	23	0	0	0	0	4	10	13	3	10	0	0	2	5	17	0	0	14	0	0	3	0	69	0	0	0	0	0	0	0	0	0	0	8	2	3	0	0	0	0	0	14
methylotrophy	12	0	0	0	0	0	0	0	0	35	0	0	0	0	0	0	0	0	0	0	0	0	0	8	5	0	0	0	0	18	0	0	0	0	15	0	5	0	0	0	0	0	18	0	8	9	7	0	35	0	13	6	0	13	0	0	0	0	7	19	30	0	21	0	0	12	0	0	34	31	0	4	0	5	0	17	0	12	13	0	0	0	0	15	9	34	92	0	0	5	0	43	0	50	0	15	0	33	0	15	24	23	0	37	10	45	22	23	21	1	0	15	5	19	2	4	12	26	22	0	0	0	0	0	0	0	0	0	0	0	0	0	0	0	0	11	0	0	0	0	0	14	75	0	0	0	0	19	4	8	0	3	0	0	0	0	0	0	0	0	0	0	0	0	0	0	0	0	0	0	0	6	0	5	27	0	23	0	0	0	0	4	10	13	3	10	0	0	2	5	17	0	0	14	0	0	3	0	69	0	0	0	0	0	0	0	0	0	0	8	2	3	0	0	0	0	0	14
aerobic_ammonia_oxidation	45	0	10	38	40	8	18	19	0	0	0	11	5	2	0	0	9	11	12	2	18	0	0	20	10	14	20	0	2	21	0	25	12	15	16	12	13	0	3	0	0	12	7	7	7	10	8	0	9	2	0	0	14	14	0	8	0	5	19	4	14	29	13	0	3	3	15	44	0	0	0	4	8	23	13	26	0	0	8	13	0	0	0	6	13	0	0	8	0	0	8	12	7	67	8	37	0	0	10	3	0	0	10	8	0	3	10	3	9	0	17	2	11	18	3	29	16	6	26	28	35	28	14	26	14	4	9	0	7	9	21	3	28	3	0	0	0	0	0	15	0	3	4	6	68	11	31	10	5	19	3	35	36	72	13	10	12	0	34	0	6	0	4	0	5	1	17	13	4	8	0	9	7	0	0	15	11	0	5	15	0	22	26	12	20	8	42	27	16	0	7	44	21	35	17	8	26	11	14	0	0	16	9	4	24	5	9	0	0	0	3	0	7	6	22	3	0	8
aerobic_nitrite_oxidation	0	0	0	0	0	0	0	0	0	0	0	0	0	0	0	0	0	0	0	0	0	0	0	0	0	0	0	0	0	0	0	0	0	0	0	0	0	0	0	0	0	0	0	0	0	0	0	0	0	0	0	0	0	0	0	0	0	0	0	0	0	0	0	0	0	0	0	0	0	0	0	0	0	0	0	0	0	0	0	0	0	0	0	0	0	0	0	0	0	0	0	0	0	0	0	0	0	0	0	0	0	0	0	0	0	0	0	0	0	0	0	0	0	0	0	0	0	0	0	0	0	0	0	0	0	0	0	0	0	0	0	0	0	0	0	0	0	0	0	0	0	0	0	0	0	0	0	0	0	0	0	0	0	0	0	0	0	0	0	0	0	0	0	0	0	0	0	0	0	0	0	0	0	0	0	0	0	0	0	0	0	0	0	0	0	0	0	0	0	0	0	0	0	0	0	0	0	0	0	0	0	0	0	0	0	0	0	0	0	0	0	0	0	0	0	0	0	0
nitrification	45	0	10	38	40	8	18	19	0	0	0	11	5	2	0	0	9	11	12	2	18	0	0	20	10	14	20	0	2	21	0	25	12	15	16	12	13	0	3	0	0	12	7	7	7	10	8	0	9	2	0	0	14	14	0	8	0	5	19	4	14	29	13	0	3	3	15	44	0	0	0	4	8	23	13	26	0	0	8	13	0	0	0	6	13	0	0	8	0	0	8	12	7	67	8	37	0	0	10	3	0	0	10	8	0	3	10	3	9	0	17	2	11	18	3	29	16	6	26	28	35	28	14	26	14	4	9	0	7	9	21	3	28	3	0	0	0	0	0	15	0	3	4	6	68	11	31	10	5	19	3	35	36	72	13	10	12	0	34	0	6	0	4	0	5	1	17	13	4	8	0	9	7	0	0	15	11	0	5	15	0	22	26	12	20	8	42	27	16	0	7	44	21	35	17	8	26	11	14	0	0	16	9	4	24	5	9	0	0	0	3	0	7	6	22	3	0	8
sulfate_respiration	0	0	0	0	0	0	0	0	0	0	0	0	0	0	0	0	0	0	0	0	0	0	0	0	0	0	0	0	0	0	0	0	0	0	0	0	0	0	0	0	0	0	0	0	0	0	0	0	0	0	0	0	0	0	0	0	0	0	0	0	0	0	0	0	0	0	0	0	0	0	0	0	0	0	0	0	0	0	0	0	0	0	0	0	0	0	0	0	0	0	0	0	0	0	0	0	0	0	0	0	0	0	0	0	0	0	0	0	0	0	0	0	0	0	0	0	0	0	0	0	0	0	0	0	0	0	0	0	0	0	0	0	0	0	0	0	0	0	0	0	0	0	0	0	0	0	0	0	0	0	0	0	0	0	0	0	0	0	0	0	0	0	0	0	0	0	0	0	0	0	0	0	0	0	0	0	0	0	0	0	0	0	0	0	0	0	0	0	0	0	0	0	0	0	0	0	0	0	0	0	0	0	0	0	0	0	0	0	0	0	0	0	0	0	0	0	0	0
sulfur_respiration	0	0	0	0	0	0	0	0	0	0	0	0	0	0	0	0	0	0	0	0	0	0	0	0	0	0	0	0	0	0	0	0	0	0	0	0	0	0	0	0	0	0	0	0	0	0	0	0	0	0	0	0	0	0	0	0	0	0	0	0	0	0	0	0	0	0	0	0	0	0	0	0	0	0	0	0	0	0	0	0	0	0	0	0	0	0	0	0	0	0	0	0	0	0	0	0	0	0	0	0	0	0	0	0	0	0	0	0	0	0	0	0	0	0	0	0	0	0	0	0	0	0	0	0	0	0	0	0	0	0	0	0	0	0	0	0	0	0	0	0	0	0	0	0	0	0	0	0	0	0	0	0	0	0	0	0	0	0	0	0	0	0	0	0	0	0	0	0	0	0	0	0	0	0	0	0	0	0	0	0	0	0	0	0	0	0	0	0	0	0	0	0	0	0	0	0	0	0	0	0	0	0	0	0	0	0	0	0	0	0	0	0	0	0	0	0	0	0
dark_sulfite_oxidation	0	0	0	0	0	0	0	0	0	0	0	0	0	0	0	0	0	0	0	0	0	0	0	0	0	0	0	0	0	0	0	0	0	0	0	0	0	0	0	0	0	0	0	0	0	0	0	0	0	0	0	0	0	0	0	0	0	0	0	0	0	0	0	0	0	0	0	0	0	0	0	0	0	0	0	0	0	0	0	0	0	0	0	0	0	0	0	0	0	0	0	0	0	0	0	0	0	0	0	0	0	0	0	0	0	0	0	0	0	0	0	0	0	0	0	0	0	0	0	0	0	0	0	0	0	0	0	0	0	0	0	0	0	0	0	0	0	0	0	0	0	0	0	0	0	0	0	0	0	0	0	0	0	0	0	0	0	0	0	0	0	0	0	0	0	0	0	0	0	0	0	0	0	0	0	0	0	0	0	0	0	0	0	0	0	0	0	0	0	0	0	0	0	0	0	0	0	0	0	0	0	0	0	0	0	0	0	0	0	0	0	0	0	0	0	0	0	0
sulfite_respiration	0	0	0	0	0	0	0	0	0	0	0	0	0	0	0	0	0	0	0	0	0	0	0	0	0	0	0	0	0	0	0	0	0	0	0	0	0	0	0	0	0	0	0	0	0	0	0	0	0	0	0	0	0	0	0	0	0	0	0	0	0	0	0	0	0	0	0	0	0	0	0	0	0	0	0	0	0	0	0	0	0	0	0	0	0	0	0	0	0	0	0	0	0	0	0	0	0	0	0	0	0	0	0	0	0	0	0	0	0	0	0	0	0	0	0	0	0	0	0	0	0	0	0	0	0	0	0	0	0	0	0	0	0	0	0	0	0	0	0	0	0	0	0	0	0	0	0	0	0	0	0	0	0	0	0	0	0	0	0	0	0	0	0	0	0	0	0	0	0	0	0	0	0	0	0	0	0	0	0	0	0	0	0	0	0	0	0	0	0	0	0	0	0	0	0	0	0	0	0	0	0	0	0	0	0	0	0	0	0	0	0	0	0	0	0	0	0	0
thiosulfate_respiration	0	0	0	0	0	0	0	0	0	0	0	0	0	0	0	0	0	0	0	0	0	0	0	0	0	0	0	0	0	0	0	0	0	0	0	0	0	0	0	0	0	0	0	0	0	0	0	0	0	0	0	0	0	0	0	0	0	0	0	0	0	0	0	0	0	0	0	0	0	0	0	0	0	0	0	0	0	0	0	0	0	0	0	0	0	0	0	0	0	0	0	0	0	0	0	0	0	0	0	0	0	0	0	0	0	0	0	0	0	0	0	0	0	0	0	0	0	0	0	0	0	0	0	0	0	0	0	0	0	0	0	0	0	0	0	0	0	0	0	0	0	0	0	0	0	0	0	0	0	0	0	0	0	0	0	0	0	0	0	0	0	0	0	0	0	0	0	0	0	0	0	0	0	0	0	0	0	0	0	0	0	0	0	0	0	0	0	0	0	0	0	0	0	0	0	0	0	0	0	0	0	0	0	0	0	0	0	0	0	0	0	0	0	0	0	0	0	0
respiration_of_sulfur_compounds	0	0	0	0	0	0	0	0	0	0	0	0	0	0	0	0	0	0	0	0	0	0	0	0	0	0	0	0	0	0	0	0	0	0	0	0	0	0	0	0	0	0	0	0	0	0	0	0	0	0	0	0	0	0	0	0	0	0	0	0	0	0	0	0	0	0	0	0	0	0	0	0	0	0	0	0	0	0	0	0	0	0	0	0	0	0	0	0	0	0	0	0	0	0	0	0	0	0	0	0	0	0	0	0	0	0	0	0	0	0	0	0	0	0	0	0	0	0	0	0	0	0	0	0	0	0	0	0	0	0	0	0	0	0	0	0	0	0	0	0	0	0	0	0	0	0	0	0	0	0	0	0	0	0	0	0	0	0	0	0	0	0	0	0	0	0	0	0	0	0	0	0	0	0	0	0	0	0	0	0	0	0	0	0	0	0	0	0	0	0	0	0	0	0	0	0	0	0	0	0	0	0	0	0	0	0	0	0	0	0	0	0	0	0	0	0	0	0
arsenate_detoxification	0	0	0	0	0	0	0	0	0	0	0	0	0	0	0	0	0	0	0	0	0	0	0	0	0	0	0	0	0	0	0	0	0	0	0	0	0	0	0	0	0	0	0	0	0	0	0	0	0	0	0	0	0	0	0	0	0	0	0	0	0	0	0	0	0	0	0	0	0	0	0	0	0	0	0	0	0	0	0	0	0	0	0	0	0	0	0	0	0	0	0	0	0	0	0	0	0	0	0	0	0	0	0	0	0	0	0	0	0	0	0	0	0	0	0	0	0	0	0	0	0	0	0	0	0	0	0	0	0	0	0	0	0	0	0	0	0	0	0	0	0	0	0	0	0	0	0	0	0	0	0	0	0	0	0	0	0	0	0	0	0	0	0	0	0	0	0	0	0	0	0	0	0	0	0	0	0	0	0	0	0	0	0	0	0	0	0	0	0	0	0	0	0	0	0	0	0	0	0	0	0	0	0	0	0	0	0	0	0	0	0	0	0	0	0	0	0	0
arsenate_respiration	0	0	0	0	0	0	0	0	0	0	0	0	0	0	0	0	0	0	0	0	0	0	0	0	0	0	0	0	0	0	0	0	0	0	0	0	0	0	0	0	0	0	0	0	0	0	0	0	0	0	0	0	0	0	0	0	0	0	0	0	0	0	0	0	0	0	0	0	0	0	0	0	0	0	0	0	0	0	0	0	0	0	0	0	0	0	0	0	0	0	0	0	0	0	0	0	0	0	0	0	0	0	0	0	0	0	0	0	0	0	0	0	0	0	0	0	0	0	0	0	0	0	0	0	0	0	0	0	0	0	0	0	0	0	0	0	0	0	0	0	0	0	0	0	0	0	0	0	0	0	0	0	0	0	0	0	0	0	0	0	0	0	0	0	0	0	0	0	0	0	0	0	0	0	0	0	0	0	0	0	0	0	0	0	0	0	0	0	0	0	0	0	0	0	0	0	0	0	0	0	0	0	0	0	0	0	0	0	0	0	0	0	0	0	0	0	0	0
dissimilatory_arsenate_reduction	0	0	0	0	0	0	0	0	0	0	0	0	0	0	0	0	0	0	0	0	0	0	0	0	0	0	0	0	0	0	0	0	0	0	0	0	0	0	0	0	0	0	0	0	0	0	0	0	0	0	0	0	0	0	0	0	0	0	0	0	0	0	0	0	0	0	0	0	0	0	0	0	0	0	0	0	0	0	0	0	0	0	0	0	0	0	0	0	0	0	0	0	0	0	0	0	0	0	0	0	0	0	0	0	0	0	0	0	0	0	0	0	0	0	0	0	0	0	0	0	0	0	0	0	0	0	0	0	0	0	0	0	0	0	0	0	0	0	0	0	0	0	0	0	0	0	0	0	0	0	0	0	0	0	0	0	0	0	0	0	0	0	0	0	0	0	0	0	0	0	0	0	0	0	0	0	0	0	0	0	0	0	0	0	0	0	0	0	0	0	0	0	0	0	0	0	0	0	0	0	0	0	0	0	0	0	0	0	0	0	0	0	0	0	0	0	0	0
arsenite_oxidation_detoxification	0	0	0	0	0	0	0	0	0	0	0	0	0	0	0	0	0	0	0	0	0	0	0	0	0	0	0	0	0	0	0	0	0	0	0	0	0	0	0	0	0	0	0	0	0	0	0	0	0	0	0	0	0	0	0	0	0	0	0	0	0	0	0	0	0	0	0	0	0	0	0	0	0	0	0	0	0	0	0	0	0	0	0	0	0	0	0	0	0	0	0	0	0	0	0	0	0	0	0	0	0	0	0	0	0	0	0	0	0	0	0	0	0	0	0	0	0	0	0	0	0	0	0	0	0	0	0	0	0	0	0	0	0	0	0	0	0	0	0	0	0	0	0	0	0	0	0	0	0	0	0	0	0	0	0	0	0	0	0	0	0	0	0	0	0	0	0	0	0	0	0	0	0	0	0	0	0	0	0	0	0	0	0	0	0	0	0	0	0	0	0	0	0	0	0	0	0	0	0	0	0	0	0	0	0	0	0	0	0	0	0	0	0	0	0	0	0	0
arsenite_oxidation_energy_yielding	0	0	0	0	0	0	0	0	0	0	0	0	0	0	0	0	0	0	0	0	0	0	0	0	0	0	0	0	0	0	0	0	0	0	0	0	0	0	0	0	0	0	0	0	0	0	0	0	0	0	0	0	0	0	0	0	0	0	0	0	0	0	0	0	0	0	0	0	0	0	0	0	0	0	0	0	0	0	0	0	0	0	0	0	0	0	0	0	0	0	0	0	0	0	0	0	0	0	0	0	0	0	0	0	0	0	0	0	0	0	0	0	0	0	0	0	0	0	0	0	0	0	0	0	0	0	0	0	0	0	0	0	0	0	0	0	0	0	0	0	0	0	0	0	0	0	0	0	0	0	0	0	0	0	0	0	0	0	0	0	0	0	0	0	0	0	0	0	0	0	0	0	0	0	0	0	0	0	0	0	0	0	0	0	0	0	0	0	0	0	0	0	0	0	0	0	0	0	0	0	0	0	0	0	0	0	0	0	0	0	0	0	0	0	0	0	0	0
dissimilatory_arsenite_oxidation	0	0	0	0	0	0	0	0	0	0	0	0	0	0	0	0	0	0	0	0	0	0	0	0	0	0	0	0	0	0	0	0	0	0	0	0	0	0	0	0	0	0	0	0	0	0	0	0	0	0	0	0	0	0	0	0	0	0	0	0	0	0	0	0	0	0	0	0	0	0	0	0	0	0	0	0	0	0	0	0	0	0	0	0	0	0	0	0	0	0	0	0	0	0	0	0	0	0	0	0	0	0	0	0	0	0	0	0	0	0	0	0	0	0	0	0	0	0	0	0	0	0	0	0	0	0	0	0	0	0	0	0	0	0	0	0	0	0	0	0	0	0	0	0	0	0	0	0	0	0	0	0	0	0	0	0	0	0	0	0	0	0	0	0	0	0	0	0	0	0	0	0	0	0	0	0	0	0	0	0	0	0	0	0	0	0	0	0	0	0	0	0	0	0	0	0	0	0	0	0	0	0	0	0	0	0	0	0	0	0	0	0	0	0	0	0	0	0
anammox	0	0	0	0	0	0	0	0	0	0	0	0	0	0	0	0	0	0	0	0	0	0	0	0	0	0	0	0	0	0	0	0	0	0	0	0	0	0	0	0	0	0	0	0	0	0	0	0	0	0	0	0	0	0	0	0	0	0	0	0	0	0	0	0	0	0	0	0	0	0	0	0	0	0	0	0	0	0	0	0	0	0	0	0	0	0	0	0	0	0	0	0	0	0	0	0	0	0	0	0	0	0	0	0	0	0	0	0	0	0	0	0	0	0	0	0	0	0	0	0	0	0	0	0	0	0	0	0	0	0	0	0	0	0	0	0	0	0	0	0	0	0	0	0	0	0	0	0	0	0	0	0	0	0	0	0	0	0	0	0	0	0	0	0	0	0	0	0	0	0	0	0	0	0	0	0	0	0	0	0	0	0	0	0	0	0	0	0	0	0	0	0	0	0	0	0	0	0	0	0	0	0	0	0	0	0	0	0	0	0	0	0	0	0	0	0	0	0
nitrate_denitrification	11	0	2	0	0	10	4	12	19	0	11	0	8	24	0	19	0	0	0	9	7	0	20	3	12	15	4	18	3	0	0	0	0	10	0	6	8	10	7	12	0	0	4	13	0	0	6	18	0	0	0	0	0	0	0	0	0	4	0	0	0	10	0	0	11	0	11	0	0	9	0	4	0	0	0	0	5	0	0	23	0	0	0	3	0	0	0	0	0	0	0	0	0	0	0	0	0	6	0	0	0	0	0	0	0	0	0	5	7	0	0	0	0	2	0	0	0	0	0	28	18	9	23	0	0	9	0	21	13	13	13	37	7	8	4	0	17	12	8	0	6	15	13	0	14	18	6	0	0	10	0	4	8	12	0	7	0	11	0	27	7	0	45	20	25	40	23	21	13	25	40	17	35	25	73	9	0	41	23	23	6	21	26	0	11	12	24	29	17	18	0	17	19	33	12	17	20	8	0	8	18	46	0	13	0	0	0	0	0	23	17	0	0	18	26	30	14	20
nitrite_denitrification	11	0	2	0	0	10	4	12	19	0	11	0	8	24	0	19	0	0	0	9	7	0	20	3	12	15	4	18	3	0	0	0	0	10	0	6	8	10	7	12	0	0	4	13	0	0	6	18	0	0	0	0	0	0	0	0	0	4	0	0	0	10	0	0	11	0	11	0	0	9	0	4	0	0	0	0	5	0	0	23	0	0	0	3	0	0	0	0	0	0	0	0	0	0	0	0	0	6	0	0	0	0	0	0	0	0	0	5	7	0	0	0	0	2	0	0	0	0	0	28	18	9	23	0	0	9	0	21	13	13	13	37	7	8	4	0	17	12	8	0	6	15	13	0	14	18	6	0	0	10	0	4	8	12	0	7	0	11	0	27	7	0	45	20	25	40	23	21	13	25	40	17	35	25	73	9	0	41	23	23	6	21	26	0	11	12	24	29	17	18	0	17	19	33	12	17	20	8	0	8	18	46	0	13	0	0	0	0	0	23	17	0	0	18	26	30	14	20
nitrous_oxide_denitrification	0	0	0	0	0	0	0	0	0	0	0	0	0	0	0	0	0	0	0	0	0	0	0	0	0	0	0	0	0	0	0	0	0	0	0	0	0	0	0	0	0	0	0	0	0	0	0	0	0	0	0	0	0	0	0	0	0	0	0	0	0	0	0	0	0	0	0	0	0	0	0	0	0	0	0	0	0	0	0	0	0	0	0	0	0	0	0	0	0	0	0	0	0	0	0	0	0	0	0	0	0	0	0	0	0	0	0	0	0	0	0	0	0	0	0	0	0	0	0	0	0	0	0	0	0	0	0	0	0	0	0	0	0	0	0	0	0	0	0	0	0	0	0	0	0	0	0	0	0	0	0	0	0	0	0	0	0	0	0	0	0	0	0	0	0	0	0	0	0	0	0	0	0	0	0	0	0	0	0	0	0	0	0	0	0	0	0	0	0	0	0	0	0	0	0	0	0	0	0	0	0	0	0	0	0	0	0	0	0	0	0	0	0	0	0	0	0	0
denitrification	11	0	2	0	0	10	4	12	19	0	11	0	8	24	0	19	0	0	0	9	7	0	20	3	12	15	4	18	3	0	0	0	0	10	0	6	8	10	7	12	0	0	4	13	0	0	6	18	0	0	0	0	0	0	0	0	0	4	0	0	0	10	0	0	11	0	11	0	0	9	0	4	0	0	0	0	5	0	0	23	0	0	0	3	0	0	0	0	0	0	0	0	0	0	0	0	0	6	0	0	0	0	0	0	0	0	0	5	7	0	0	0	0	2	0	0	0	0	0	28	18	9	23	0	0	9	0	21	13	13	13	37	7	8	4	0	17	12	8	0	6	15	13	0	14	18	6	0	0	10	0	4	8	12	0	7	0	11	0	27	7	0	45	20	25	40	23	21	13	25	40	17	35	25	73	9	0	41	23	23	6	21	26	0	11	12	24	29	17	18	0	17	19	33	12	17	20	8	0	8	18	46	0	13	0	0	0	0	0	23	17	0	0	18	26	30	14	20
chitinolysis	830	3745	223	414	417	947	1688	327	6190	166	4682	2531	4056	5494	860	841	254	151	97	558	313	20	9063	331	2591	5496	1812	4022	340	1783	147	2730	194	520	1697	2330	611	5884	1508	185	955	47	59	203	396	67	1079	1425	467	35	10	2913	1574	55	1875	1094	679	8	21	116	92	1331	65	43	1672	293	2890	71	18	93	18	9	1215	103	1594	881	764	4956	174	520	352	166	390	165	543	711	303	138	136	321	430	398	562	97	280	225	138	378	193	615	436	579	187	535	809	433	404	1254	392	109	253	3765	576	883	982	158	658	160	107	2788	1484	5904	3509	2056	4998	600	1207	3279	3221	2903	1559	4332	7357	6935	2614	2124	5329	3916	2142	4679	9048	359	5929	244	3415	6455	713	1158	1275	520	1722	210	25	838	177	3536	59	2146	1358	3081	161	1050	7203	5843	4784	1504	3103	2621	1793	3987	89	664	6713	873	745	7976	2904	1722	149	1933	1844	1562	834	690	2350	4374	2540	1460	1907	2439	3338	1613	4342	2924	2236	1653	1476	637	563	4230	4087	2083	672	3050	156	886	3495	4439	918	3113	6262	393	4398	3211	3553	2232	247	2248
knallgas_bacteria	0	0	0	0	0	0	0	0	0	0	0	0	0	0	0	0	0	0	0	0	0	0	0	0	0	0	0	0	0	0	0	0	0	0	0	0	0	0	0	0	0	0	0	0	0	0	0	0	0	0	0	0	0	0	0	0	0	0	0	0	0	0	0	0	0	0	0	0	0	0	0	0	0	0	0	0	0	0	0	0	0	0	0	0	0	0	0	0	0	0	0	0	0	0	0	0	0	0	0	0	0	0	0	0	0	0	0	0	0	0	0	0	0	0	0	0	0	0	0	0	0	0	0	0	0	0	0	0	0	0	0	0	0	0	0	0	0	0	0	0	0	0	0	0	0	0	0	0	0	0	0	0	0	0	0	0	0	0	0	0	0	0	0	0	0	0	0	0	0	0	0	0	0	0	0	0	0	0	0	0	0	0	0	0	0	0	0	0	0	0	0	0	0	0	0	0	0	0	0	0	0	0	0	0	0	0	0	0	0	0	0	0	0	0	0	0	0	0
dark_hydrogen_oxidation	0	0	0	0	0	0	0	0	0	0	0	0	0	0	0	0	0	0	0	0	0	0	0	0	0	0	0	0	0	0	23	0	0	0	0	14	0	0	0	0	0	0	0	0	0	0	0	0	0	0	0	0	0	0	0	0	0	0	0	0	0	0	0	0	0	0	0	0	0	9	0	4	0	0	0	0	0	0	0	0	0	0	0	0	0	0	0	0	0	0	0	0	0	35	0	0	0	6	0	0	0	16	0	0	0	0	0	0	0	0	0	0	0	0	0	0	0	0	0	0	0	0	0	0	0	0	0	0	7	0	0	0	0	0	0	0	0	0	0	0	0	0	0	0	0	0	0	0	0	0	0	0	0	0	0	0	0	0	0	0	11	0	0	0	0	0	0	0	0	0	0	0	0	0	0	0	0	0	0	0	0	0	0	0	0	0	0	0	0	0	0	0	0	0	0	0	0	0	0	0	0	0	0	0	0	0	24	65	0	0	0	0	0	0	0	0	0	0
nitrogen_fixation	764	726	378	471	409	700	1483	430	2519	175	1878	280	1092	2007	161	984	183	340	900	277	1183	189	1164	462	1509	1080	2392	1455	281	681	804	973	246	815	190	409	305	973	839	615	1472	1945	1301	1090	1132	1895	1828	1624	753	419	715	1071	571	661	1029	768	847	697	999	938	1286	1458	1270	1155	1866	792	1498	2282	1617	802	446	878	533	851	975	938	1271	1234	691	1481	2211	413	1178	2314	1089	652	1143	1226	723	730	749	599	1007	870	1136	794	729	1054	1002	1226	875	883	1175	798	699	1048	1221	785	1124	669	817	1048	616	598	986	1106	790	851	484	1846	1337	1162	1547	1571	1252	1042	863	2250	1134	869	635	997	997	702	1854	457	646	1004	468	1371	1458	631	605	89	1365	2146	319	634	342	532	209	531	423	449	534	469	557	392	454	2383	357	624	1639	1905	2131	1134	1558	1434	557	1478	750	544	1590	846	1056	1360	240	832	946	775	1304	902	867	828	1044	1220	1229	1009	1421	1444	1321	1161	1401	768	1269	1571	1323	1225	463	1445	932	1734	280	899	392	124	995	781	820	1200	846	565	691	1815	1532	2102	1829	313
nitrate_ammonification	0	0	0	0	0	0	0	0	0	0	0	0	0	0	0	0	0	0	0	0	0	0	0	0	0	0	0	0	0	0	0	0	0	0	0	0	0	0	0	0	0	0	0	0	0	0	0	0	0	0	0	0	0	0	0	0	0	0	0	0	0	0	0	0	0	0	0	0	0	0	0	0	0	0	0	0	0	0	0	0	0	0	0	0	0	0	0	0	0	0	0	0	0	0	0	0	0	0	0	0	0	0	0	0	0	0	0	0	0	0	0	0	0	0	0	0	0	0	0	0	0	0	0	0	0	0	0	0	0	0	0	0	0	0	0	0	0	0	0	0	0	0	0	0	0	0	0	0	0	0	0	0	0	0	0	0	0	0	0	0	0	0	0	0	0	0	0	0	0	0	0	0	0	0	0	0	0	0	0	0	0	0	0	0	0	0	0	0	0	0	0	0	0	0	0	0	0	0	0	0	0	0	0	0	0	0	0	0	0	0	0	0	0	0	0	0	0	0
nitrite_ammonification	0	0	0	0	0	0	0	0	0	0	0	0	0	0	0	0	0	0	0	0	0	0	0	0	0	0	0	0	0	0	0	0	0	0	0	0	0	0	0	0	0	0	0	0	0	0	0	0	0	0	0	0	0	0	0	0	0	0	0	0	0	0	0	0	0	0	0	0	0	0	0	0	0	0	0	0	0	0	0	0	0	0	0	0	0	0	0	0	0	0	0	0	0	0	0	0	0	0	0	0	0	0	0	0	0	0	0	0	0	0	0	0	0	0	0	0	0	0	0	0	0	0	0	0	0	0	0	0	0	0	0	0	0	0	0	0	0	0	0	0	0	0	0	0	0	0	0	0	0	0	0	0	0	0	0	0	0	0	0	0	0	0	0	0	0	0	0	0	0	0	0	0	0	0	0	0	0	0	0	0	0	0	0	0	0	0	0	0	0	0	0	0	0	0	0	0	0	0	0	0	0	0	0	0	0	0	0	0	0	0	0	0	0	0	0	0	0	0
nitrite_respiration	11	0	2	0	0	10	4	12	19	0	11	0	8	24	0	19	0	0	0	9	7	0	20	3	12	15	4	18	3	0	0	0	0	10	0	6	8	10	7	12	0	0	4	13	0	0	6	18	0	0	0	0	0	0	0	0	0	4	0	0	0	10	0	0	11	0	11	0	0	9	0	4	0	0	0	0	5	0	0	23	0	0	0	3	0	0	0	0	0	0	0	0	0	0	0	0	0	6	0	0	0	0	0	0	0	0	0	5	7	0	0	0	0	2	0	0	0	0	0	28	18	9	23	0	0	9	0	21	13	13	13	37	7	8	4	0	17	12	8	0	6	15	13	0	14	18	6	0	0	10	0	4	8	12	0	7	0	11	0	27	7	0	45	20	25	40	23	21	13	25	40	17	35	25	73	9	0	41	23	23	6	21	26	0	11	12	24	29	17	18	0	17	19	33	12	17	20	8	0	8	18	46	0	13	0	0	0	0	0	23	17	0	0	18	26	30	14	20
cellulolysis	87	138	4	2	14	79	234	0	430	79	445	0	56	216	3	34	14	3	0	2	7	49	81	0	141	141	191	238	0	13	15	77	4	13	40	73	22	120	62	0	62	4	17	5	87	123	2	99	26	4	8	40	136	12	120	138	89	12	9	12	11	100	0	59	159	7	432	6	16	291	10	17	0	18	85	89	159	63	28	201	314	8	0	18	105	2	3	0	39	15	26	3	34	67	0	220	5	68	0	22	49	49	21	7	4	15	3	31	21	124	25	151	0	169	102	223	8	23	7	99	128	35	130	3	222	1	25	157	97	2	26	204	187	164	181	55	79	132	9	97	853	2	96	7	94	43	33	32	36	325	77	5	8	46	7	175	4	11	17	113	98	26	540	32	200	31	165	99	76	66	206	15	108	94	276	178	5	18	131	5	428	549	16	435	66	150	187	159	42	173	331	52	597	53	72	188	472	75	41	56	83	142	0	58	5	5	214	5	28	228	136	0	370	44	332	88	15	13
xylanolysis	0	0	0	0	0	0	0	0	0	0	0	0	0	0	0	0	0	0	0	0	0	0	0	0	0	0	0	0	0	0	0	0	0	0	0	0	0	0	0	0	0	0	0	0	0	0	0	0	0	0	0	0	0	0	0	0	0	0	0	0	0	0	0	0	0	0	0	0	0	0	0	0	0	0	0	0	0	0	0	0	0	0	0	0	0	0	0	0	0	0	0	0	0	0	0	0	0	0	0	0	0	0	0	0	0	0	0	0	0	0	0	0	0	0	0	0	0	0	0	0	0	0	0	0	0	0	0	0	0	0	0	0	0	0	0	0	0	0	0	0	0	0	0	0	0	0	0	0	0	0	0	0	0	0	0	0	0	0	0	0	0	0	0	0	0	0	0	0	0	0	0	0	0	0	0	0	0	0	0	0	0	0	0	0	0	0	0	0	0	0	0	0	0	0	0	0	0	0	0	0	0	0	0	0	0	0	0	0	0	0	0	0	0	0	0	0	0	0
dark_sulfide_oxidation	0	0	0	0	0	0	0	0	0	0	0	0	0	0	0	0	0	0	0	0	0	0	0	0	0	0	0	0	0	0	0	0	0	0	0	0	0	0	0	0	0	0	0	0	0	0	0	0	0	0	0	0	0	0	0	0	0	0	0	0	0	0	0	0	0	0	0	0	0	0	0	0	0	0	0	0	0	0	0	0	0	0	0	0	0	0	0	0	0	0	0	0	0	0	0	0	0	0	0	0	0	0	0	0	0	0	0	0	0	0	0	0	0	0	0	0	0	0	0	0	0	0	0	0	0	0	0	0	0	0	0	0	0	0	0	0	0	0	0	0	0	0	0	0	0	0	0	0	0	0	0	0	0	0	0	0	0	0	0	0	0	0	0	0	0	0	0	0	0	0	0	0	0	0	0	0	0	0	0	0	0	0	0	0	0	0	0	0	0	0	0	0	0	0	0	0	0	0	0	0	0	0	0	0	0	0	0	0	0	0	0	0	0	0	0	0	0	0
dark_sulfur_oxidation	0	0	0	0	0	0	0	0	0	0	0	0	0	0	0	0	0	0	0	0	0	0	0	0	0	0	0	0	0	0	0	0	0	0	0	0	0	0	0	0	0	0	0	0	0	0	0	0	0	0	0	0	0	0	0	0	0	0	0	0	0	0	0	0	0	0	0	0	0	0	0	0	0	0	0	0	0	0	0	0	0	0	0	0	0	0	0	0	0	0	0	0	0	0	0	0	0	0	0	0	0	0	0	0	0	0	0	0	0	0	0	0	0	0	0	0	0	0	0	0	0	0	0	0	0	0	0	0	0	0	0	0	0	0	0	0	0	0	0	0	0	0	0	0	0	0	0	0	0	0	0	0	0	0	0	0	0	0	0	0	0	0	0	0	0	0	0	0	0	0	0	0	0	0	0	0	0	0	0	0	0	0	0	0	0	0	0	0	0	0	0	0	0	0	0	0	0	0	0	0	0	0	0	0	0	0	0	0	0	0	0	0	0	0	0	0	0	0
dark_thiosulfate_oxidation	0	0	0	0	0	0	0	0	0	0	0	0	0	0	0	0	0	0	0	0	0	0	0	0	0	0	0	0	0	0	0	0	0	0	0	0	0	0	0	0	0	0	0	0	0	0	0	0	0	0	0	0	0	0	0	0	0	0	0	0	0	0	0	0	0	0	0	0	0	0	0	0	0	0	0	0	0	0	0	0	0	0	0	0	0	0	0	0	0	0	0	0	0	0	0	0	0	0	0	0	0	0	0	0	0	0	0	0	0	0	0	0	0	0	0	0	0	0	0	0	0	0	0	0	0	0	0	0	0	0	0	0	0	0	0	0	0	0	0	0	0	0	0	0	0	0	0	0	0	0	0	0	0	0	0	0	0	0	0	0	0	0	0	0	0	0	0	0	0	0	0	0	0	0	0	0	0	0	0	0	0	0	0	0	0	0	0	0	0	0	0	0	0	0	0	0	0	0	0	0	0	0	0	0	0	0	0	0	0	0	0	0	0	0	0	0	0	0
dark_oxidation_of_sulfur_compounds	504	197	83	204	309	56	144	133	85	118	31	94	28	71	218	139	266	179	267	224	339	133	0	258	212	109	39	60	666	448	322	37	138	44	51	104	148	95	230	237	346	397	414	482	256	597	635	353	232	171	435	179	394	232	187	171	375	305	265	271	244	126	282	304	228	394	190	430	405	310	236	461	354	331	478	406	275	529	331	123	297	342	255	380	407	384	245	397	435	944	304	415	313	1403	302	779	401	472	454	371	229	309	314	236	198	372	227	505	385	289	1213	208	453	548	317	569	310	516	177	72	104	509	78	161	106	21	78	379	118	40	192	70	64	26	288	9	45	16	151	59	32	343	257	405	217	28	485	159	273	537	312	162	83	184	185	124	130	102	254	321	543	134	80	42	281	62	60	159	220	101	262	178	32	645	86	217	378	124	251	283	361	384	347	722	412	250	311	533	575	604	703	347	331	423	148	277	222	345	619	39	263	200	256	143	445	313	103	601	95	287	66	117	112	75	77	21	10	443
manganese_oxidation	33	28	18	22	11	59	13	19	87	11	42	40	30	49	19	23	10	0	62	57	75	40	107	27	26	62	88	14	0	18	71	43	35	39	13	17	89	45	15	68	33	12	0	60	50	0	0	14	44	0	0	22	33	24	31	24	50	0	0	7	0	31	6	0	30	0	19	0	0	18	20	0	15	0	6	34	50	25	54	37	34	0	0	0	17	0	0	11	0	0	0	6	29	0	33	0	7	0	0	36	0	22	0	6	8	8	7	0	6	114	7	11	0	0	66	0	18	0	0	32	30	22	57	165	14	108	93	103	82	49	35	49	13	60	16	51	80	90	33	53	43	53	23	63	21	52	35	0	33	15	29	9	38	30	99	23	80	20	26	46	65	80	63	50	17	39	69	35	57	55	57	126	28	75	72	33	42	26	133	33	25	27	38	17	42	30	32	28	26	13	10	27	24	36	26	22	38	55	34	50	22	39	25	32	55	133	38	18	40	41	12	224	55	36	24	65	115	23
manganese_respiration	0	0	0	0	0	0	0	0	0	0	0	0	0	0	0	0	0	0	0	0	0	0	0	0	0	0	0	0	0	0	0	0	0	0	0	0	0	0	0	0	0	0	0	0	0	0	0	0	0	0	0	0	0	0	0	0	0	0	0	0	0	0	0	0	0	0	0	0	0	0	0	0	0	0	0	0	0	0	0	0	0	0	0	0	0	0	0	0	0	0	0	0	0	0	0	0	0	0	0	0	0	0	0	0	0	0	0	0	0	0	0	0	0	0	0	0	0	0	0	0	0	0	0	0	0	0	0	0	0	0	0	0	0	0	0	0	0	0	0	0	0	0	0	0	0	0	0	0	0	0	0	0	0	0	0	0	0	0	0	0	0	0	0	0	0	0	0	0	0	0	0	0	0	0	0	0	0	0	0	0	0	0	0	0	0	0	0	0	0	0	0	0	0	0	0	0	0	0	0	0	0	0	0	0	0	0	0	0	0	0	0	0	0	0	0	0	0	0
ligninolysis	0	0	0	0	0	0	0	0	0	0	0	0	0	0	0	0	0	0	0	0	0	0	0	0	0	0	0	0	0	0	0	0	0	0	0	0	0	0	0	0	0	0	0	0	0	0	0	0	0	0	0	0	0	0	0	0	0	0	0	0	0	0	0	0	0	0	0	0	0	0	0	0	0	0	0	0	0	0	0	0	0	0	0	0	0	0	0	0	0	0	0	0	0	0	0	0	0	0	0	0	0	0	0	0	0	0	0	0	0	0	0	0	0	0	0	0	0	0	0	0	0	0	0	0	0	0	0	0	0	0	0	0	0	0	0	0	0	0	0	0	0	0	0	0	0	0	0	0	0	0	0	0	0	0	0	0	0	0	0	0	0	0	0	0	0	0	0	0	0	0	0	0	0	0	0	0	0	0	0	0	0	0	0	0	0	0	0	0	0	0	0	0	0	0	0	0	0	0	0	0	0	0	0	0	0	0	0	0	0	0	0	0	0	0	0	0	0	0
fermentation	26	0	43	50	44	16	198	35	25	107	4	14	51	31	21	0	62	15	14	24	1481	16	53	75	22	30	183	86	19	6	13	73	16	12	110	17	8	63	41	0	60	54	53	55	64	52	52	74	53	29	16	35	134	32	34	40	49	0	14	23	48	46	43	49	173	16	260	79	28	296	0	9	13	51	45	94	81	62	5	33	308	239	38	143	279	176	177	45	234	34	87	200	80	286	64	694	315	330	131	71	114	121	280	290	136	361	177	799	197	148	188	415	340	609	186	280	165	107	177	30	31	197	31	17	90	13	30	99	69	0	13	128	60	56	63	8	13	39	28	84	26	31	37	27	167	56	32	13	27	28	26	19	22	18	16	45	19	14	36	40	85	20	414	34	163	9	58	85	10	77	595	8	83	16	10	44	54	28	52	105	370	636	111	549	151	124	125	97	81	245	290	63	298	109	269	106	393	125	159	9	66	90	45	111	15	55	154	34	0	209	42	7	34	12	49	113	10	12
aerobic_chemoheterotrophy	36464	32293	25232	20073	37866	27989	30606	21542	34983	29590	30845	21532	33551	30458	21155	28559	17067	17114	27111	20267	38530	28374	32834	20514	35193	33136	32383	33849	22198	37800	30863	35803	22283	29820	17348	25825	26571	28022	29006	28926	33247	29848	24345	28032	29695	34620	40531	27288	23477	26397	25717	27692	26280	22896	28233	28370	24982	19594	19560	20887	20559	25781	19877	16012	28814	22186	29357	25070	21941	27154	26941	18883	23978	23361	27595	19213	27887	26091	25816	35368	34501	30018	22932	24515	26198	25083	24128	25040	23411	28364	24803	20654	27575	24349	24854	22438	25149	26211	23821	25791	24915	24543	23092	22352	24508	27594	23946	24181	25806	24320	24918	28165	21947	24480	26998	23369	21792	23483	20097	33149	40949	35880	33918	32335	36046	32300	38545	34513	35672	28954	33553	29959	34807	28084	29458	32132	29183	29224	27061	34236	33345	32767	34986	28391	29145	34338	37196	37800	34278	43438	40338	32201	25899	31822	23191	29191	21287	26245	30067	37764	37692	33148	32235	36502	36219	31234	28342	33136	34451	38882	34117	32784	33773	36241	38055	33552	36464	41071	34529	29086	34549	27768	26617	25698	30026	28640	26859	28431	30445	35213	28402	29762	29786	33730	34521	28756	29105	30602	40006	42157	36077	29279	31382	36367	37079	27347	38415	29332	41810	36455	36230	36796	35278	34999	35094	35877	36783	35401
invertebrate_parasites	0	0	0	0	0	0	0	0	0	0	0	0	0	0	0	0	0	0	0	0	0	0	0	0	0	0	0	0	0	0	0	0	0	0	0	0	0	0	0	0	0	0	0	0	0	0	0	0	0	0	0	0	0	0	0	0	0	0	0	0	0	0	0	0	0	0	0	0	0	0	0	0	0	0	0	0	0	0	0	0	0	0	0	0	0	0	0	0	0	0	0	0	0	0	0	0	0	0	0	0	0	0	0	0	0	0	0	0	0	0	0	0	0	0	0	0	0	0	0	0	0	0	0	0	0	0	0	0	0	0	0	0	0	0	0	0	0	0	0	0	0	0	0	0	0	0	0	0	0	0	0	0	0	0	0	0	0	0	0	0	0	0	0	0	0	0	0	0	0	0	0	0	0	0	0	0	0	0	0	0	0	0	0	0	0	0	0	0	0	0	0	0	0	0	0	0	0	0	0	0	0	0	0	0	0	0	0	0	0	0	0	0	0	0	0	0	0	0
human_pathogens_septicemia	0	0	0	0	0	0	0	0	0	0	0	0	0	0	0	0	0	0	0	0	0	0	0	0	0	0	0	0	0	0	0	0	0	0	0	0	0	0	0	0	0	0	0	0	0	0	0	0	0	0	0	0	0	0	0	0	0	0	0	0	0	0	0	0	0	0	0	0	0	0	0	0	0	0	0	0	0	0	0	0	0	0	0	0	0	0	0	0	0	0	0	0	0	0	0	0	0	0	0	0	0	0	0	0	0	0	0	0	0	0	0	0	0	0	0	0	0	0	0	0	0	0	0	0	0	0	0	0	0	0	0	0	0	0	0	0	0	0	0	0	0	0	0	0	0	0	0	0	0	0	0	0	0	0	0	0	0	0	0	0	0	0	0	0	0	0	0	0	0	0	0	0	0	0	0	0	0	0	0	0	0	0	0	0	0	0	0	0	0	0	0	0	0	0	0	0	0	0	0	0	0	0	0	0	0	0	0	0	0	0	0	0	0	0	0	0	0	0
human_pathogens_pneumonia	0	0	0	0	0	0	0	0	0	0	0	0	0	0	0	0	0	0	0	0	0	0	0	0	0	0	0	0	0	0	0	0	0	0	0	0	0	0	0	0	0	0	0	0	0	0	0	0	0	0	0	0	0	0	0	0	0	0	0	0	0	0	0	0	0	0	0	0	0	0	0	0	0	0	0	0	0	0	0	0	0	0	0	0	0	0	0	0	0	0	0	0	0	0	0	0	0	0	0	0	0	0	0	0	0	0	0	0	0	0	0	0	0	0	0	0	0	0	0	0	0	0	0	0	0	0	0	0	0	0	0	0	0	0	0	0	0	0	0	0	0	0	0	0	0	0	0	0	0	0	0	0	0	0	0	0	0	0	0	0	0	0	0	0	0	0	0	0	0	0	0	0	0	0	0	0	0	0	0	0	0	0	0	0	0	0	0	0	0	0	0	0	0	0	0	0	0	0	0	0	0	0	0	0	0	0	0	0	0	0	0	0	0	0	0	0	0	0
human_pathogens_nosocomia	0	0	0	0	0	0	0	0	0	0	0	0	0	0	0	0	0	0	0	0	0	0	0	0	0	0	0	0	0	0	0	0	0	0	0	0	0	0	0	0	0	0	0	0	0	0	0	0	0	0	0	0	0	0	0	0	0	0	0	0	0	0	0	0	0	0	0	0	0	0	0	0	0	0	0	0	0	0	0	0	0	0	0	0	0	0	0	0	0	0	0	0	0	0	0	0	0	0	0	0	0	0	0	0	0	0	0	0	0	0	0	0	0	0	0	0	0	0	0	0	0	0	0	0	0	0	0	0	0	0	0	0	0	0	0	0	0	0	0	0	0	0	0	0	0	0	0	0	0	0	0	0	0	0	0	0	0	0	0	0	0	0	0	0	0	0	0	0	0	0	0	0	0	0	0	0	0	0	0	0	0	0	0	0	0	0	0	0	0	0	0	0	0	0	0	0	0	0	0	0	0	0	0	0	0	0	0	0	0	0	0	0	0	0	0	0	0	0
human_pathogens_meningitis	0	0	0	0	0	0	0	0	0	0	0	0	0	0	0	0	0	0	0	0	0	0	0	0	0	0	0	0	0	0	0	0	0	0	0	0	0	0	0	0	0	0	0	0	0	0	0	0	0	0	0	0	0	0	0	0	0	0	0	0	0	0	0	0	0	0	0	0	0	0	0	0	0	0	0	0	0	0	0	0	0	0	0	0	0	0	0	0	0	0	0	0	0	0	0	0	0	0	0	0	0	0	0	0	0	0	0	0	0	0	0	0	0	0	0	0	0	0	0	0	0	0	0	0	0	0	0	0	0	0	0	0	0	0	0	0	0	0	0	0	0	0	0	0	0	0	0	0	0	0	0	0	0	0	0	0	0	0	0	0	0	0	0	0	0	0	0	0	0	0	0	0	0	0	0	0	0	0	0	0	0	0	0	0	0	0	0	0	0	0	0	0	0	0	0	0	0	0	0	0	0	0	0	0	0	0	0	0	0	0	0	0	0	0	0	0	0	0
human_pathogens_gastroenteritis	0	0	0	0	0	0	0	0	0	0	0	0	0	0	0	0	0	0	0	0	0	0	0	0	0	0	0	0	0	0	0	0	0	0	0	0	0	0	0	0	0	0	0	0	0	0	0	0	0	0	0	0	0	0	0	0	0	0	0	0	0	0	0	0	0	0	0	0	0	0	0	0	0	0	0	0	0	0	0	0	0	0	0	0	0	0	0	0	0	0	0	0	0	0	0	0	0	0	0	0	0	0	0	0	0	0	0	0	0	0	0	0	0	0	0	0	0	0	0	0	0	0	0	0	0	0	0	0	0	0	0	0	0	0	0	0	0	0	0	0	0	0	0	0	0	0	0	0	0	0	0	0	0	0	0	0	0	0	0	0	0	0	0	0	0	0	0	0	0	0	0	0	0	0	0	0	0	0	0	0	0	0	0	0	0	0	0	0	0	0	0	0	0	0	0	0	0	0	0	0	0	0	0	0	0	0	0	0	0	0	0	0	0	0	0	0	0	0
human_pathogens_diarrhea	0	0	0	0	0	0	0	0	0	0	0	0	0	0	0	0	0	0	0	0	0	0	0	0	0	0	0	0	0	0	0	0	0	0	0	0	0	0	0	0	0	0	0	0	0	0	0	0	0	0	0	0	0	0	0	0	0	0	0	0	0	0	0	0	0	0	0	0	0	0	0	0	0	0	0	0	0	0	0	0	0	0	0	0	0	0	0	0	0	0	0	0	0	0	0	0	0	0	0	0	0	0	0	0	0	0	0	0	0	0	0	0	0	0	0	0	0	0	0	0	0	0	0	0	0	0	0	0	0	0	0	0	0	0	0	0	0	0	0	0	0	0	0	0	0	0	0	0	0	0	0	0	0	0	0	0	0	0	0	0	0	0	0	0	0	0	0	0	0	0	0	0	0	0	0	0	0	0	0	0	0	0	0	0	0	0	0	0	0	0	0	0	0	0	0	0	0	0	0	0	0	0	0	0	0	0	0	0	0	0	0	0	0	0	0	0	0	0
human_pathogens_all	44	8	116	38	16	72	16	158	20	3420	10	235	148	16	415	184	128	368	21	29	205	2299	74	147	8	0	63	6	976	97	69	5	363	4	84	62	0	15	33	24	29	0	52	57	6	456	80	16	32	104	11	14	135	82	26	11	124	21	45	129	9	14	30	28	17	141	4	51	106	147	73	120	51	31	26	40	21	34	43	8	155	416	72	7	211	116	9	46	76	10	27	43	102	111	40	125	449	107	546	0	18	22	359	10	8	181	161	204	187	26	158	27	47	322	66	594	109	1324	21	12	0	9	14	16	0	92	72	0	0	0	0	5	5	17	60	0	0	4	27	17	42	174	18	459	13	42	21	15	37	76	45	6	224	24	8	74	39	9	38	12	157	125	46	18	8	0	14	0	523	44	44	11	6	9	24	9	105	5268	6	66	101	87	59	254	61	48	48	14	69	11	34	19	19	108	71	11	27	60	15577	0	174	43	348	27	8058	1562	98	124	16	28	27	255	7	0	43	13	0	40
fish_parasites	0	0	0	0	0	0	0	0	0	0	0	0	0	0	0	0	0	0	0	0	0	0	0	0	0	0	0	0	0	0	0	0	0	0	0	0	0	0	0	0	0	0	0	0	0	0	0	0	0	0	0	0	0	0	0	0	0	0	0	0	0	0	0	0	0	0	0	0	0	0	0	0	0	0	0	0	0	0	0	0	0	0	0	0	0	0	0	0	0	0	0	0	0	0	0	0	0	0	0	0	0	0	0	0	0	0	0	0	0	0	0	0	0	0	0	0	0	0	0	0	0	0	0	0	0	0	0	0	0	0	0	0	0	0	0	0	0	0	0	0	0	0	0	0	0	0	0	0	0	0	0	0	0	0	0	0	0	0	0	0	0	0	0	0	0	0	0	0	0	0	0	0	0	0	0	0	0	0	0	0	0	0	0	0	0	0	0	0	0	0	0	0	0	0	0	0	0	0	0	0	0	0	0	0	0	0	0	0	0	0	0	0	0	0	0	0	0	0
human_gut	0	0	0	0	0	0	0	0	0	0	0	0	0	0	0	0	0	0	0	0	0	0	0	0	0	0	0	0	0	0	0	0	0	0	0	0	0	0	0	0	0	0	0	0	0	0	0	0	0	0	0	0	0	0	0	0	0	0	0	0	0	0	0	0	0	0	0	0	0	0	0	0	0	0	0	0	0	0	0	0	0	0	0	0	0	0	0	0	0	0	0	0	0	0	0	0	0	0	0	0	0	0	0	0	0	0	0	0	0	0	0	0	0	0	0	0	0	0	0	0	0	0	0	0	0	0	0	0	0	0	0	0	0	0	0	0	0	0	0	0	0	0	0	0	0	0	0	0	0	0	0	0	0	0	0	0	0	0	0	0	0	0	0	0	0	0	0	0	0	0	0	0	0	0	0	0	0	0	0	0	0	0	0	0	0	0	0	0	0	0	0	0	0	0	0	0	0	0	0	0	0	0	0	0	0	0	0	0	0	0	0	0	0	0	0	0	0	0
human_associated	44	8	116	38	16	72	16	158	20	3420	10	235	148	16	415	184	128	368	21	29	205	2299	74	147	8	0	63	6	976	97	69	5	363	4	84	62	0	15	33	24	29	0	52	57	6	456	80	16	32	104	11	14	135	82	26	11	124	21	45	129	9	14	30	28	17	141	4	51	106	147	73	120	51	31	26	40	21	34	43	8	155	416	72	7	211	116	9	46	76	10	27	43	102	111	40	125	449	107	546	0	18	22	359	10	8	181	161	204	187	26	158	27	47	322	66	594	109	1324	21	12	0	9	14	16	0	92	72	0	0	0	0	5	5	17	60	0	0	4	27	17	42	174	18	459	13	42	21	15	37	76	45	6	224	24	8	74	39	9	38	12	157	125	46	18	8	0	14	0	523	44	44	11	6	9	24	9	105	5268	6	66	101	87	59	254	61	48	48	14	69	11	34	19	19	108	71	11	27	60	15577	0	174	43	348	27	8058	1562	98	124	16	28	27	255	7	0	43	13	0	40
mammal_gut	0	0	0	0	0	0	0	0	0	0	0	0	0	0	0	0	0	0	0	0	0	0	0	0	0	0	0	0	0	0	0	0	0	0	0	0	0	0	0	0	0	0	0	0	0	0	0	0	0	0	0	0	0	0	0	0	0	0	0	0	0	0	0	0	0	0	0	0	0	0	0	0	0	0	0	0	0	0	0	0	0	0	0	0	0	0	0	0	0	0	0	0	0	0	0	0	0	0	0	0	0	0	0	0	0	0	0	0	0	0	0	0	0	0	0	0	0	0	0	0	0	0	0	0	0	0	0	0	0	0	0	0	0	0	0	0	0	0	0	0	0	0	0	0	0	0	0	0	0	0	0	0	0	0	0	0	0	0	0	0	0	0	0	0	0	0	0	0	0	0	0	0	0	0	0	0	0	0	0	0	0	0	0	0	0	0	0	0	0	0	0	0	0	0	0	0	0	0	0	0	0	0	0	0	0	0	0	0	0	0	0	0	0	0	0	0	0	0
animal_parasites_or_symbionts	44	8	116	38	29	72	19	162	20	3420	10	286	153	16	465	184	159	405	31	31	205	2302	79	147	9	0	64	8	976	101	69	5	366	37	104	95	28	19	38	46	32	0	53	62	12	474	80	16	45	108	25	22	172	97	57	11	131	21	52	131	11	14	31	57	23	141	4	53	110	147	73	120	55	43	50	43	74	68	48	32	161	416	72	7	211	116	13	50	78	10	29	65	114	117	51	125	451	115	557	9	18	27	366	28	12	181	166	204	195	72	160	32	69	333	77	594	121	1327	75	28	5	16	14	19	4	96	73	5	3	23	2	9	22	23	74	2	0	10	44	19	42	178	19	467	39	42	27	28	48	80	50	16	256	43	8	87	49	55	52	13	157	125	50	20	8	3	23	0	524	54	44	11	11	11	27	10	105	5268	14	66	102	87	66	254	63	60	55	16	77	11	34	23	22	108	77	11	33	60	15577	14	174	49	348	27	8058	1562	100	124	16	29	27	255	7	14	43	16	0	46
plant_pathogen	0	0	0	0	0	0	0	0	0	0	0	0	0	0	0	0	0	0	0	0	0	0	0	0	0	0	0	0	0	0	0	0	0	0	0	0	0	0	0	0	0	0	0	0	0	0	0	0	0	0	0	0	0	0	0	0	0	0	0	0	0	0	0	0	0	0	0	0	0	0	0	0	0	0	0	0	0	0	0	0	0	0	0	0	0	0	0	0	0	0	0	0	0	0	0	0	0	0	0	0	0	0	0	0	0	0	0	0	0	0	0	0	0	0	0	0	0	0	0	0	0	0	0	0	0	0	0	0	0	0	0	0	0	0	0	0	0	0	0	0	0	0	0	0	0	0	0	0	0	0	0	0	0	0	0	0	0	0	0	0	0	0	0	0	0	0	0	0	0	0	0	0	0	0	0	0	0	0	0	0	0	0	0	0	0	0	0	0	0	0	0	0	0	0	0	0	0	0	0	0	0	0	0	0	0	0	0	0	0	0	0	0	0	0	0	0	0	0
oil_bioremediation	0	0	0	0	0	0	0	0	0	0	0	0	0	0	0	0	0	0	0	0	0	0	0	0	0	0	0	0	0	0	0	0	0	0	0	0	0	0	0	0	0	0	0	0	0	0	0	0	0	0	0	0	0	0	0	0	0	0	0	0	0	0	0	0	0	0	0	0	0	0	0	0	0	0	0	0	0	0	0	0	0	0	0	0	0	0	0	0	0	0	0	0	0	0	0	0	0	0	0	0	0	0	0	0	0	0	0	0	0	0	0	0	0	0	0	0	0	0	0	0	0	0	0	0	0	0	0	0	0	0	0	0	0	0	0	0	0	0	0	0	0	0	0	0	0	0	0	0	0	0	0	0	0	0	0	0	0	0	0	0	0	0	0	0	0	0	0	0	0	0	0	0	0	0	0	0	0	0	0	0	0	0	0	0	0	0	0	0	0	0	0	0	0	0	0	0	0	0	0	0	0	0	0	0	0	0	0	0	0	0	0	0	0	0	0	0	0	0
aromatic_hydrocarbon_degradation	31	118	31	50	16	45	119	7	66	4	32	4	110	51	12	140	22	20	98	84	147	0	101	56	198	226	81	224	144	165	48	72	80	28	0	46	29	68	76	110	311	66	45	46	92	191	17	104	54	21	261	51	32	39	97	88	87	48	46	29	4	260	68	14	156	16	191	6	50	112	16	817	15	21	223	49	130	75	95	151	548	0	0	12	719	4	74	4	53	66	78	5	82	105	66	111	9	40	65	130	105	56	19	26	28	204	31	95	13	146	55	123	9	604	120	281	69	20	28	34	286	125	207	303	257	173	395	267	376	14	180	265	161	582	334	119	88	1635	53	168	200	133	30	27	202	101	60	67	22	129	49	27	9	51	52	35	105	23	56	234	290	63	79	531	397	216	142	115	280	489	222	57	244	254	89	98	115	443	135	91	216	1338	146	168	132	145	202	193	67	192	764	72	132	140	235	446	118	203	121	679	45	163	24	111	114	56	136	28	44	395	397	8	222	58	532	117	78	0
aromatic_compound_degradation	1786	1325	1742	2651	2032	1558	1085	2245	1106	1881	855	1936	962	1492	2538	895	2590	2209	1482	1379	3045	2917	2398	3535	1234	1598	2002	833	2430	3624	1058	1735	3204	1987	2782	1641	1705	1156	1174	2292	1968	1575	2143	1686	1621	3747	1975	1652	984	1246	2702	644	1423	1040	820	672	625	1324	1265	1440	2084	1601	1410	971	977	2140	1432	2615	2126	2289	1533	2027	1426	2061	1243	1550	962	842	1318	1353	2494	926	2287	2459	2827	4017	3727	2113	2235	1738	1007	1442	1048	2558	1279	1311	1859	2202	1901	1896	3485	1699	2443	1158	3240	3736	3898	2221	1884	3371	2751	1087	2388	2508	1457	3128	1628	2912	3612	1078	1652	1997	1711	3820	3180	2333	2705	3518	2164	2062	1917	1403	1615	2411	1835	1500	1263	3179	2045	1037	1102	2018	814	3510	1625	1239	2669	1282	3213	6752	2394	1778	2012	1664	1952	871	2022	2298	3640	1350	3456	1935	702	2171	2087	1321	1464	1466	2631	2546	3172	1980	1810	1794	1078	2578	2619	1726	3064	2039	2007	3008	1760	1989	1597	1335	1499	1572	1460	1926	2538	1501	1527	1771	1877	2054	1076	1663	1373	7033	1551	1522	8702	1892	6521	5332	1261	4461	912	3117	1587	2838	2610	934	1782	1617	1422	2204
aliphatic_non_methane_hydrocarbon_degradation	31	118	31	50	16	45	119	7	66	4	32	4	110	51	12	140	22	20	98	84	147	0	101	56	198	226	81	224	144	165	48	72	80	28	0	46	29	68	76	110	311	66	45	46	92	191	17	104	54	21	261	51	32	39	97	88	87	48	46	29	4	260	68	14	156	16	191	6	50	112	16	817	15	21	223	49	130	75	95	151	548	0	0	12	719	4	74	4	53	66	78	5	82	105	66	111	9	40	65	130	105	56	19	26	28	204	31	95	13	146	55	123	9	604	120	281	69	20	28	34	286	125	207	303	257	173	395	267	376	14	180	265	161	582	334	119	88	1635	53	168	200	133	30	27	202	101	60	67	22	129	49	27	9	51	52	35	105	23	56	234	290	63	79	531	397	216	142	115	280	489	222	57	244	254	89	98	115	443	135	91	216	1338	146	168	132	145	202	193	67	192	764	72	132	140	235	446	118	203	121	679	45	163	24	111	114	56	136	28	44	395	397	8	222	58	532	117	78	0
hydrocarbon_degradation	31	118	31	50	16	45	119	7	66	4	32	4	110	51	12	140	22	20	98	84	147	0	101	56	198	226	81	224	144	165	48	72	80	28	0	46	29	68	76	110	311	66	45	46	96	191	17	104	54	21	261	51	32	39	97	88	87	48	46	29	4	260	68	14	156	16	191	6	50	112	16	817	15	21	223	49	130	75	95	151	548	0	0	12	719	4	74	4	53	66	78	5	82	105	66	111	9	40	65	130	105	56	19	26	28	204	31	96	13	146	55	123	9	604	120	281	69	20	28	34	286	125	207	303	257	173	395	267	376	14	180	265	161	582	334	119	88	1635	53	168	200	133	30	27	202	101	60	67	22	129	49	27	9	51	52	35	105	23	56	234	290	63	79	531	397	216	142	115	280	489	222	57	244	254	89	98	116	443	135	91	216	1338	146	168	132	145	202	193	67	192	764	72	132	140	235	446	118	203	121	679	45	163	24	111	114	56	136	28	44	395	397	8	222	58	532	117	78	0
dark_iron_oxidation	0	0	0	0	0	0	0	0	0	0	0	0	0	0	0	0	0	0	0	0	0	0	0	0	0	0	0	0	0	0	0	0	0	0	0	0	0	0	0	0	0	0	0	0	0	0	0	0	0	0	0	0	0	0	0	0	0	0	0	0	0	0	0	0	0	0	0	0	0	0	0	0	0	0	0	0	0	0	0	0	0	0	0	0	0	0	0	0	0	0	0	0	0	0	0	0	0	0	0	0	0	0	0	0	0	0	0	0	0	0	0	0	0	0	0	0	0	0	0	0	0	0	0	0	0	0	0	0	0	0	0	0	0	0	0	0	0	0	0	0	0	0	0	0	0	0	0	0	0	0	0	0	0	0	0	0	0	0	0	0	0	0	0	0	0	0	0	0	0	0	0	0	0	0	0	0	0	0	0	0	0	0	0	0	0	0	0	0	0	0	0	0	0	0	0	0	0	0	0	0	0	0	0	0	0	0	0	0	0	0	0	0	0	0	0	0	0	0
iron_respiration	0	0	0	0	0	0	0	0	0	0	0	0	0	0	0	0	0	0	0	0	0	0	0	0	0	0	0	0	0	0	0	0	0	0	0	0	0	0	0	0	0	0	0	0	0	0	0	0	0	0	0	0	0	0	0	0	0	0	0	0	0	0	0	0	0	0	0	0	0	0	0	0	0	0	0	0	0	0	0	0	0	0	0	0	0	0	0	0	0	0	0	0	0	0	0	0	0	0	0	0	0	0	0	0	0	0	0	0	0	0	0	0	0	0	0	0	0	0	0	0	0	0	0	0	0	0	0	0	0	0	0	0	0	0	0	0	0	0	0	0	0	0	0	0	0	0	0	0	0	0	0	0	0	0	0	0	0	0	0	0	0	0	0	0	0	0	0	0	0	0	0	0	0	0	0	0	0	0	0	0	0	0	0	0	0	0	0	0	0	0	0	0	0	0	0	0	0	0	0	0	0	0	0	0	0	0	0	0	0	0	0	0	0	0	0	0	0	0
nitrate_respiration	11	8	81	35	0	82	4	153	19	3421	11	228	155	30	406	203	83	357	21	9	68	2205	94	99	12	15	38	18	966	72	65	0	327	10	84	57	8	22	7	12	1	5	58	62	5	446	95	25	33	83	0	0	116	72	7	1	4	7	30	85	0	13	0	8	24	87	11	55	38	139	0	47	5	5	5	18	11	0	22	23	130	416	59	21	200	104	0	16	78	0	25	11	89	83	16	86	430	99	532	0	0	7	350	1	0	181	154	208	193	14	91	27	22	312	57	563	61	1307	4	28	18	9	23	0	0	88	0	21	13	13	13	37	7	16	64	0	17	12	28	0	6	187	13	400	14	18	6	10	6	34	43	4	227	12	0	74	28	14	13	35	56	114	45	20	25	40	33	21	528	69	51	20	41	25	97	18	100	5309	29	82	89	94	71	104	64	15	54	35	77	23	32	26	36	141	67	23	24	56	15549	8	18	69	348	40	8058	1530	98	81	0	28	44	253	0	18	26	36	14	20
nitrate_reduction	90	96	184	216	252	129	60	311	40	3904	41	499	197	87	430	394	152	480	114	54	198	2489	130	187	113	83	148	156	1181	269	218	7	381	45	145	130	106	160	152	58	228	68	254	309	222	509	11423	188	123	184	35	132	1537	246	149	81	282	100	57	257	185	185	458	159	605	298	287	176	145	160	27	128	75	73	165	138	103	515	213	134	220	1147	246	108	371	236	280	162	492	3	122	66	332	211	100	167	469	328	625	62	8	136	489	491	226	300	324	506	315	141	182	374	68	535	156	628	197	1379	149	98	83	50	102	154	75	433	306	75	123	17	239	100	105	66	91	53	367	32	144	77	16	431	56	626	369	35	208	345	150	278	284	290	417	102	111	262	120	320	352	112	250	525	82	119	193	74	101	65	679	210	232	234	163	176	156	194	493	5430	60	120	260	180	183	177	148	251	129	191	283	88	56	75	70	181	139	88	79	130	15618	266	463	155	477	95	8768	1653	134	289	108	39	156	2831	62	147	130	492	136	129
nitrogen_respiration	11	8	81	35	0	82	4	153	19	3421	11	228	155	30	406	203	83	357	21	9	68	2205	94	99	12	15	38	18	966	72	65	0	327	10	84	57	8	22	7	12	1	5	58	62	5	446	95	25	33	83	0	0	116	72	7	1	4	7	30	85	0	13	0	8	24	87	11	55	38	139	0	47	5	5	5	18	11	0	22	23	130	416	59	21	200	104	0	16	78	0	25	11	89	83	16	86	430	99	532	0	0	7	350	1	0	181	154	208	193	14	91	27	22	312	57	563	61	1307	4	28	18	9	23	0	0	88	0	21	13	13	13	37	7	16	64	0	17	12	28	0	6	187	13	400	14	18	6	10	6	34	43	4	227	12	0	74	28	14	13	35	56	114	45	20	25	40	33	21	528	69	51	20	41	25	97	18	100	5309	29	82	89	94	71	104	64	15	54	35	77	23	32	26	36	141	67	23	24	56	15549	8	18	69	348	40	8058	1530	98	81	0	28	44	253	0	18	26	36	14	20
fumarate_respiration	0	0	0	0	0	0	0	0	0	0	0	0	0	0	0	0	0	0	0	0	0	0	0	0	0	0	0	0	0	0	0	0	0	0	0	0	0	0	0	0	0	0	0	0	0	0	0	0	0	0	0	0	0	0	0	0	0	0	0	0	0	0	0	0	0	0	0	0	0	0	0	0	0	0	0	0	0	0	0	0	0	0	0	0	0	0	0	0	0	0	0	0	0	0	0	0	0	0	0	0	0	0	0	0	0	0	0	0	0	0	0	0	0	0	0	0	0	0	0	0	0	0	0	0	0	0	0	0	0	0	0	0	0	0	0	0	0	0	0	0	0	0	0	0	0	0	0	0	0	0	0	0	0	0	0	0	0	0	0	0	0	0	0	0	0	0	0	0	0	0	0	0	0	0	0	0	0	0	0	0	0	0	0	0	0	0	0	0	0	0	0	0	0	0	0	0	0	0	0	0	0	0	0	0	0	0	0	0	0	0	0	0	0	0	0	0	0	0
intracellular_parasites	3	3	80	46	29	21	0	68	0	47	0	4	0	6	0	0	7	21	10	0	5	11	0	26	14	3	11	0	16	5	0	3	3	0	27	9	9	6	4	6	31	31	4	9	14	55	35	3	49	0	6	11	2	8	8	7	21	39	12	4	10	5	9	29	6	71	5	26	50	2	6	33	0	6	2	7	13	7	12	7	2	20	8	42	0	54	61	11	99	4	13	4	6	115	26	39	18	33	27	11	58	33	28	70	20	84	56	79	63	7	39	4	39	41	28	72	50	27	46	0	0	0	4	2	2	4	1	20	1	5	23	9	8	0	0	0	0	0	24	20	0	0	9	35	35	2	10	1	110	4	248	30	9	20	48	19	3	23	12	0	30	6	2	12	8	0	6	11	134	31	0	23	3	53	9	5	55	0	4	21	31	63	66	66	13	6	11	34	52	10	41	25	32	45	34	13	22	24	74	274	22	22	247	9	150	47	3	37	13	0	5	755	12	3	8	8	9	105
chlorate_reducers	0	0	0	0	0	0	0	0	0	0	0	0	0	0	0	0	0	0	0	0	0	0	0	0	0	0	0	0	0	0	0	0	0	0	0	0	0	0	0	0	0	0	0	0	0	0	0	0	0	0	0	0	0	0	0	0	0	0	0	0	0	0	0	0	0	0	0	0	0	0	0	0	0	0	0	0	0	0	0	0	0	0	0	0	0	0	0	0	0	0	0	0	0	0	0	0	0	0	0	0	0	0	0	0	0	0	0	0	0	0	0	0	0	0	0	0	0	0	0	0	0	0	0	0	0	0	0	0	0	0	0	0	0	0	0	0	0	0	0	0	0	0	0	0	0	0	0	0	0	0	0	0	0	0	0	0	0	0	0	0	0	0	0	0	0	0	0	0	0	0	0	0	0	0	0	0	0	0	0	0	0	0	0	0	0	0	0	0	0	0	0	0	0	0	0	0	0	0	0	0	0	0	0	0	0	0	0	0	0	0	0	0	0	0	0	0	0	0
predatory_or_exoparasitic	183	208	122	209	363	232	251	249	169	487	94	275	169	206	98	313	186	430	146	104	139	343	198	139	432	255	230	511	284	354	129	145	200	175	157	194	403	311	174	308	372	74	264	520	499	259	11418	264	393	230	145	419	1690	437	308	182	482	241	188	219	250	319	585	186	632	546	443	275	203	199	160	235	277	437	377	706	289	662	444	191	65	842	290	352	515	474	435	195	625	75	224	463	554	1263	446	461	287	477	399	251	149	345	229	652	385	203	480	940	241	288	174	600	246	366	502	141	577	296	652	240	159	154	246	374	172	733	780	173	321	68	357	227	242	143	164	280	560	179	391	150	181	666	345	279	452	252	350	527	337	328	369	469	490	273	277	351	242	504	411	163	274	625	231	316	304	329	269	334	609	223	686	428	357	759	487	494	869	403	520	146	493	225	448	250	239	467	326	387	364	179	108	258	280	224	219	318	250	291	294	331	616	495	358	199	744	408	276	631	227	98	302	2800	237	541	394	816	566	478
chloroplasts	0	0	0	0	0	0	0	0	0	0	0	0	0	0	0	0	0	0	0	0	0	0	0	0	0	0	0	0	0	0	0	0	0	0	0	0	0	0	0	0	0	0	0	0	0	0	0	0	0	0	0	0	0	0	0	0	0	0	0	0	0	0	0	0	0	0	0	0	0	0	0	0	0	0	0	0	0	0	0	0	0	0	0	0	0	0	0	0	0	0	0	0	0	0	0	0	0	0	0	0	0	0	0	0	0	0	0	0	0	0	0	0	0	0	0	0	0	0	0	0	0	0	0	0	0	0	0	0	0	0	0	0	0	0	0	0	0	0	0	0	0	0	0	0	0	0	0	0	0	0	0	0	0	0	0	0	0	0	0	0	0	0	0	0	0	0	0	0	0	0	0	0	0	0	0	0	0	0	0	0	0	0	0	0	0	0	0	0	0	0	0	0	0	0	0	0	0	0	0	0	0	0	0	0	0	0	0	0	0	0	0	0	0	0	0	0	0	0
nonphotosynthetic_cyanobacteria	188	97	121	211	278	231	515	88	276	132	158	731	264	421	205	189	311	238	86	135	80	214	170	186	289	301	304	279	236	586	108	278	303	592	255	205	230	219	174	229	261	121	136	390	179	115	72	247	160	224	145	363	484	471	132	359	313	763	1158	29	43	241	215	304	86	393	279	309	443	443	114	1327	441	148	212	483	215	141	235	128	128	67	424	208	178	335	700	596	156	730	138	893	369	824	1437	844	579	1064	572	133	248	442	611	2048	438	374	483	171	549	252	491	396	436	664	293	796	909	855	784	329	149	305	297	356	237	749	418	301	404	185	119	305	209	339	260	316	248	301	192	243	204	345	166	366	217	602	230	321	175	407	288	269	270	224	158	220	234	307	255	279	181	156	366	348	476	450	321	327	494	1254	387	151	730	290	166	590	335	391	628	233	170	172	297	203	228	213	258	407	350	298	376	170	176	102	179	277	223	231	160	356	194	343	526	284	185	302	423	353	20	308	290	188	256	230	308	429	415	186
photosynthetic_cyanobacteria	4	161	6	1	4	0	12	7	0	0	2	0	1	0	0	0	0	0	1	0	11	6	0	0	2	2	7	0	4	0	0	0	0	0	0	0	0	0	0	0	0	0	0	0	0	0	0	1	0	0	0	0	0	0	0	0	0	0	0	0	3	0	0	0	1	0	0	0	0	0	0	0	0	0	0	0	0	0	0	0	0	0	0	0	1	0	0	0	0	0	0	0	0	0	0	0	0	31	0	0	0	2	4	68	0	0	0	1	0	0	0	0	4	0	1	0	1	0	0	3	0	19	0	2	12	0	2	0	0	0	0	0	0	1	0	0	0	0	0	0	0	0	1	17	0	5	0	0	25	0	0	0	0	0	0	0	0	0	0	0	0	2	32	0	0	0	0	0	0	0	0	0	0	0	0	0	0	0	4	0	0	0	0	0	0	6	0	0	0	0	0	0	0	6	0	0	0	0	0	0	0	0	0	0	0	0	0	0	0	0	0	0	0	189	0	0	0	0
anoxygenic_photoautotrophy_H2_oxidizing	0	0	0	0	0	0	0	0	0	0	0	0	0	0	0	0	0	0	0	0	0	0	0	0	0	0	0	0	0	0	0	0	0	0	0	0	0	0	0	0	0	0	0	0	0	0	0	0	0	0	0	0	0	0	0	0	0	0	0	0	0	0	0	0	0	0	0	0	0	0	0	0	0	0	0	0	0	0	0	0	0	0	0	0	0	0	0	0	0	0	0	0	0	0	0	0	0	0	0	0	0	0	0	0	0	0	0	0	0	0	0	0	0	0	0	0	0	0	0	0	0	0	0	0	0	0	0	0	0	0	0	0	0	0	0	0	0	0	0	0	0	0	0	0	0	0	0	0	0	0	0	0	0	0	0	0	0	0	0	0	0	0	0	0	0	0	0	0	0	0	0	0	0	0	0	0	0	0	0	0	0	0	0	0	0	0	0	0	0	0	0	0	0	0	0	0	0	0	0	0	0	0	0	0	0	0	0	0	0	0	0	0	0	0	0	0	0	0
anoxygenic_photoautotrophy_S_oxidizing	11	0	2	0	0	10	4	12	19	0	11	0	8	24	0	19	0	0	0	9	7	0	20	3	12	15	4	18	3	0	0	0	0	10	0	6	8	10	7	12	0	0	4	13	0	0	6	18	0	0	0	0	0	0	0	0	0	4	0	0	0	10	0	0	11	0	11	0	0	0	0	0	0	0	0	0	5	0	0	23	0	0	0	3	0	0	0	0	0	0	0	0	0	0	0	0	0	0	0	0	0	0	0	0	0	0	0	5	7	0	0	0	0	2	0	0	0	0	0	28	18	9	23	0	0	9	0	21	13	13	13	37	7	8	4	0	17	12	8	0	6	15	13	0	14	18	6	0	0	10	0	4	8	12	0	7	0	11	0	27	7	0	45	20	25	40	23	21	13	25	40	17	35	25	73	9	0	41	23	23	6	21	26	0	11	12	24	29	17	18	0	17	19	33	12	17	20	8	0	8	18	46	0	13	0	0	0	0	0	23	17	0	0	18	26	30	14	20
anoxygenic_photoautotrophy_Fe_oxidizing	0	0	0	0	0	0	0	0	0	0	0	0	0	0	0	0	0	0	0	0	0	0	0	0	0	0	0	0	0	0	0	0	0	0	0	0	0	0	0	0	0	0	0	0	0	0	0	0	0	0	0	0	0	0	0	0	0	0	0	0	0	0	0	0	0	0	0	0	0	0	0	0	0	0	0	0	0	0	0	0	0	0	0	0	0	0	0	0	0	0	0	0	0	0	0	0	0	0	0	0	0	0	0	0	0	0	0	0	0	0	0	0	0	0	0	0	0	0	0	0	0	0	0	0	0	0	0	0	0	0	0	0	0	0	0	0	0	0	0	0	0	0	0	0	0	0	0	0	0	0	0	0	0	0	0	0	0	0	0	0	0	0	0	0	0	0	0	0	0	0	0	0	0	0	0	0	0	0	0	0	0	0	0	0	0	0	0	0	0	0	0	0	0	0	0	0	0	0	0	0	0	0	0	0	0	0	0	0	0	0	0	0	0	0	0	0	0	0
anoxygenic_photoautotrophy	11	0	2	0	0	10	4	12	19	0	11	0	8	24	0	19	0	0	0	9	7	0	20	3	12	15	4	18	3	0	0	0	0	10	0	6	8	10	7	12	0	0	4	13	0	0	6	18	0	0	0	0	0	0	0	0	0	4	0	0	0	10	0	0	11	0	11	0	0	0	0	0	0	0	0	0	5	0	0	23	0	0	0	3	0	0	0	0	0	0	0	0	0	0	0	0	0	0	0	0	0	0	0	0	0	0	0	5	7	0	0	0	0	2	0	0	0	0	0	28	18	9	23	0	0	9	0	21	13	13	13	37	7	8	4	0	17	12	8	0	6	15	13	0	14	18	6	0	0	10	0	4	8	12	0	7	0	11	0	27	7	0	45	20	25	40	23	21	13	25	40	17	35	25	73	9	0	41	23	23	6	21	26	0	11	12	24	29	17	18	0	17	19	33	12	17	20	8	0	8	18	46	0	13	0	0	0	0	0	23	17	0	0	18	26	30	14	20
oxygenic_photoautotrophy	4	161	6	1	4	0	12	7	0	0	2	0	1	0	0	0	0	0	1	0	11	6	0	0	2	2	7	0	4	0	0	0	0	0	0	0	0	0	0	0	0	0	0	0	0	0	0	1	0	0	0	0	0	0	0	0	0	0	0	0	3	0	0	0	1	0	0	0	0	0	0	0	0	0	0	0	0	0	0	0	0	0	0	0	1	0	0	0	0	0	0	0	0	0	0	0	0	31	0	0	0	2	4	68	0	0	0	1	0	0	0	0	4	0	1	0	1	0	0	3	0	19	0	2	12	0	2	0	0	0	0	0	0	1	0	0	0	0	0	0	0	0	1	17	0	5	0	0	25	0	0	0	0	0	0	0	0	0	0	0	0	2	32	0	0	0	0	0	0	0	0	0	0	0	0	0	0	0	4	0	0	0	0	0	0	6	0	0	0	0	0	0	0	6	0	0	0	0	0	0	0	0	0	0	0	0	0	0	0	0	0	0	0	189	0	0	0	0
photoautotrophy	15	161	8	1	4	10	16	19	19	0	13	0	9	24	0	19	0	0	1	9	18	6	20	3	14	17	11	18	7	0	0	0	0	10	0	6	8	10	7	12	0	0	4	13	0	0	6	19	0	0	0	0	0	0	0	0	0	4	0	0	3	10	0	0	12	0	11	0	0	0	0	0	0	0	0	0	5	0	0	23	0	0	0	3	1	0	0	0	0	0	0	0	0	0	0	0	0	31	0	0	0	2	4	68	0	0	0	6	7	0	0	0	4	2	1	0	1	0	0	31	18	28	23	2	12	9	2	21	13	13	13	37	7	9	4	0	17	12	8	0	6	15	14	17	14	23	6	0	25	10	0	4	8	12	0	7	0	11	0	27	7	2	77	20	25	40	23	21	13	25	40	17	35	25	73	9	0	41	27	23	6	21	26	0	11	18	24	29	17	18	0	17	19	39	12	17	20	8	0	8	18	46	0	13	0	0	0	0	0	23	17	0	0	207	26	30	14	20
aerobic_anoxygenic_phototrophy	0	0	0	0	0	0	0	0	0	0	0	0	0	0	0	0	0	0	0	0	0	0	0	0	0	0	0	0	0	0	0	0	0	0	0	0	0	0	0	0	0	0	0	0	0	0	0	0	0	0	0	0	0	0	0	0	0	0	0	0	0	0	0	0	0	0	0	0	0	0	0	0	0	0	0	0	0	0	0	0	0	0	0	0	0	0	0	0	0	0	0	0	0	0	0	0	0	0	0	0	0	0	0	0	0	0	0	0	0	0	0	0	0	0	0	0	0	0	0	0	0	0	0	0	0	0	0	0	0	0	0	0	0	0	0	0	0	0	0	0	0	0	0	0	0	0	0	0	0	0	0	0	0	0	0	0	0	0	0	0	0	0	0	0	0	0	0	0	0	0	0	0	0	0	0	0	0	0	0	0	0	0	0	0	0	0	0	0	0	0	0	0	0	0	0	0	0	0	0	0	0	0	0	0	0	0	0	0	0	0	0	0	0	0	0	0	0	0
photoheterotrophy	381	342	669	97	280	330	374	264	59	255	52	231	12	102	416	141	264	87	27	31	13	72	43	957	237	20	59	121	212	1012	26	126	104	98	173	133	25	46	185	31	112	69	134	73	25	147	33	307	45	35	166	49	61	98	47	51	57	47	66	72	81	170	102	52	86	60	182	55	95	127	52	106	63	129	241	60	64	85	75	121	361	23	37	84	37	27	45	121	48	196	63	106	22	146	161	115	50	74	163	28	386	105	88	68	94	31	172	77	80	174	179	32	78	113	107	86	63	96	41	65	125	177	76	38	161	74	79	302	20	50	49	80	114	45	192	33	41	94	283	93	88	181	100	84	212	38	130	64	140	109	29	103	58	99	24	148	11	452	690	128	1028	124	82	70	249	55	49	75	73	170	263	114	130	121	117	183	24	85	108	67	136	91	123	108	45	134	286	282	177	238	553	63	164	70	204	300	133	103	25	384	99	174	118	61	53	99	39	169	82	277	153	35	169	23	255	40	53	171
phototrophy	385	503	675	98	284	330	386	271	59	255	54	231	13	102	416	141	264	87	28	31	24	78	43	957	239	22	66	121	216	1012	26	126	104	98	173	133	25	46	185	31	112	69	134	73	25	147	33	308	45	35	166	49	61	98	47	51	57	47	66	72	84	170	102	52	87	60	182	55	95	127	52	106	63	129	241	60	64	85	75	121	361	23	37	84	38	27	45	121	48	196	63	106	22	146	161	115	50	105	163	28	386	107	92	136	94	31	172	78	80	174	179	32	82	113	108	86	64	96	41	68	125	196	76	40	173	74	81	302	20	50	49	80	114	46	192	33	41	94	283	93	88	181	101	101	212	43	130	64	165	109	29	103	58	99	24	148	11	452	690	128	1028	126	114	70	249	55	49	75	73	170	263	114	130	121	117	183	24	85	112	67	136	91	123	108	45	140	286	282	177	238	553	63	164	76	204	300	133	103	25	384	99	174	118	61	53	99	39	169	82	277	153	35	169	212	255	40	53	171
plastic_degradation	0	0	0	0	0	0	0	0	0	0	0	0	0	0	0	0	0	0	0	0	0	0	0	0	0	0	0	0	0	0	0	0	0	0	0	0	0	0	0	0	0	0	0	0	0	0	0	0	0	0	0	0	0	0	0	0	0	0	0	0	0	0	0	0	0	0	0	0	0	0	0	0	0	0	0	0	0	0	0	0	0	0	0	0	0	0	0	0	0	0	0	0	0	0	0	0	0	0	0	0	0	0	0	0	0	0	0	0	0	0	0	0	0	0	0	0	0	0	0	0	0	0	0	0	0	0	0	0	0	0	0	0	0	0	0	0	0	0	0	0	0	0	0	0	0	0	0	0	0	0	0	0	0	0	0	0	0	0	0	0	0	0	0	0	0	0	0	0	0	0	0	0	0	0	0	0	0	0	0	0	0	0	0	0	0	0	0	0	0	0	0	0	0	0	0	0	0	0	0	0	0	0	0	0	0	0	0	0	0	0	0	0	0	0	0	0	0	0
ureolysis	2106	1383	811	873	1540	1346	1164	1275	2373	737	1248	1169	989	1530	1086	840	482	1172	1238	1269	2575	549	1042	1813	1269	1253	2818	845	846	1058	2498	1217	864	1129	927	930	840	696	1096	1566	1682	1904	1301	1215	1043	1589	1584	1405	902	653	1331	967	878	915	1489	970	1199	970	1532	846	1099	1388	1267	1307	2606	796	1116	1693	1611	1716	929	1215	888	1086	1544	1153	1440	3442	1515	1345	2811	769	1098	2283	1679	1171	1377	1565	1179	1286	938	1019	1246	1514	1233	1937	1308	1510	1515	1381	1628	1375	1407	1150	996	1287	1792	1628	1320	1495	1448	1756	1474	1328	1534	1503	1234	1149	1286	1500	1145	1527	1069	2566	1646	1380	1463	3104	1134	1152	806	531	3218	767	2155	641	706	845	1456	783	1146	1053	987	1383	1491	1179	747	1121	1345	1390	789	1150	1026	997	1283	1163	1341	1263	1178	1948	1097	1405	982	1498	1691	525	1211	1203	1020	1461	1931	949	1588	1239	845	990	715	1020	1213	1126	1285	1223	1332	1191	1297	1264	1146	1029	1280	1692	1570	1238	1213	823	1451	1323	1417	1559	999	1727	855	1453	1577	1122	2445	554	1154	1219	1339	1323	1123	1402	1217	659	1134	907	1046	1363
reductive_acetogenesis	0	0	0	0	0	0	0	0	0	0	0	0	0	0	0	0	0	0	0	0	0	0	0	0	0	0	0	0	0	0	0	0	0	0	0	0	0	0	0	0	0	0	0	0	0	0	0	0	0	0	0	0	0	0	0	0	0	0	0	0	0	0	0	0	0	0	0	0	0	0	0	0	0	0	0	0	0	0	0	0	0	0	0	0	0	0	0	0	0	0	0	0	0	0	0	0	0	0	0	0	0	0	0	0	0	0	0	0	0	0	0	0	0	0	0	0	0	0	0	0	0	0	0	0	0	0	0	0	0	0	0	0	0	0	0	0	0	0	0	0	0	0	0	0	0	0	0	0	0	0	0	0	0	0	0	0	0	0	0	0	0	0	0	0	0	0	0	0	0	0	0	0	0	0	0	0	0	0	0	0	0	0	0	0	0	0	0	0	0	0	0	0	0	0	0	0	0	0	0	0	0	0	0	0	0	0	0	0	0	0	0	0	0	0	0	0	0	0
chemoheterotrophy	37882	37783	25667	20791	38667	29900	34243	22265	44032	29923	37289	24305	40032	37427	22094	30405	17515	17421	27453	21076	39258	28686	42733	21205	40939	40320	35340	40987	22794	40383	31203	39268	22716	31307	19229	28701	28022	35329	31344	29963	34969	30230	24658	28949	31521	35223	41866	30179	25430	26603	26135	32494	28278	23329	31507	30585	26766	19831	19902	21149	21020	28227	20253	16315	31141	22838	34990	25595	22194	27527	27208	19898	25411	23848	30046	20572	29786	32262	26305	37152	35772	30239	23504	25313	27974	25975	24980	25504	23803	28904	25607	21433	29998	25089	25511	23275	25581	26966	24352	27572	25653	25787	23647	23571	25869	28681	24830	25897	26606	24796	25462	32999	22806	26250	28588	24096	23213	24004	20623	38040	44186	42602	39444	35048	42445	33422	40808	39532	39978	32735	35856	36070	43480	36196	33724	35779	35678	35904	29815	40422	44274	34420	43281	28830	34477	41715	38777	39620	35732	44515	42622	32834	26218	33675	23584	34539	21631	28722	31830	42033	38407	34504	41467	44207	43168	34329	32917	37158	37187	44791	35176	33897	42591	41292	44354	43021	41078	44521	35449	31287	38447	31159	28073	26957	33224	34485	31207	31675	33538	38489	33193	32410	35795	37693	37746	32423	32240	32189	41561	47585	41079	33554	32223	40309	37429	28439	43793	33892	42900	41194	44857	37275	41109	41776	41427	41240	39885	37839
